Abia,Adamawa,Akwa Ibom,Anambra,Bauchi,Bayelsa,Benue,Borno,Cross River,Delta,Ebonyi,Edo,Ekiti,Enugu,Gombe,Imo,Jigawa,Kaduna,Kano,Katsina,Kebbi,Kogi,Kwara,Lagos,Nasarawa,Niger,Ogun,Ondo,Osun,Oyo,Plateau,Rivers,Sokoto,Taraba,Yobe,Zamfara
f1:2a:5b:5e:73:67,f8:72:84:be:a5:24,85:47:ff:7a:b5:7e,e6:0f:d4:33:85:3b,1a:5d:35:38:5d:b6,fc:1b:3b:4f:66:f9,d7:fa:87:7e:65:b1,01:48:1c:99:72:bc,e3:5e:ee:c6:2d:c4,c6:f3:5c:a9:e5:35,77:5d:53:e2:86:8a,c8:ce:ac:45:4c:da,bd:4a:b1:8e:ef:45,b8:a2:0e:6a:69:2c,7f:da:18:13:40:85,ee:6d:e8:da:1a:51,59:b2:33:ff:7c:4f,5e:ac:97:10:b1:d2,4a:bb:41:69:31:49,be:55:b9:3e:9c:ad,69:7f:14:b9:a0:96,4c:75:ef:c8:c3:ca,c5:85:b3:5c:7f:3d,91:5c:20:ad:f4:5a,f5:75:2c:33:c8:5c,9c:09:f0:aa:b8:13,80:78:40:03:4f:3c,5f:66:15:82:ed:1d,88:38:43:34:fd:61,8e:a4:28:b0:41:48,e6:fc:0b:1c:97:4c,3e:a1:15:7b:9f:30,3c:3c:17:59:13:60,b9:22:73:66:ff:e1,29:25:11:06:74:f6,50:66:37:4a:11:17
f9:81:1d:d0:84:75,3a:76:0a:f6:23:30,cc:64:01:5a:e2:af,d9:f0:fa:cf:bc:a6,13:cf:e3:1b:dc:e0,f9:1e:ee:c6:ed:de,f9:af:b7:51:90:2d,43:1a:e9:6c:56:ad,26:13:6e:29:c8:20,f2:84:f2:f7:ef:8e,55:db:79:3f:08:cf,51:9a:ee:40:8f:ae,10:f5:35:9d:36:28,fc:52:35:45:36:7b,13:fa:fc:4b:e8:01,29:09:5f:f5:18:40,33:a8:ac:d3:a5:57,eb:ca:2d:24:10:bb,cf:4f:0b:68:44:ae,82:02:47:05:6d:51,6f:2f:c3:2d:93:15,2e:86:26:77:dc:3a,cd:4e:36:17:6b:04,8e:87:74:04:de:63,49:3b:b4:48:e4:71,4c:8a:6e:09:d7:c6,a6:28:e9:c9:db:71,5f:e0:c1:e2:05:66,84:50:ca:c6:48:42,fa:69:87:75:43:c4,86:bb:32:35:aa:48,a3:d4:ea:e8:64:a2,58:f5:b9:43:3a:33,b0:83:44:0d:34:83,b5:15:f7:70:d9:58,7d:a4:18:8a:5e:2d
d7:11:86:c0:27:19,f4:e9:ae:ca:0f:ac,ed:ef:d1:a2:50:aa,5f:dc:57:30:a6:26,92:b2:b7:41:31:a5,c3:52:18:21:1f:71,5a:bd:bb:d0:92:13,68:71:6c:29:06:98,6c:bc:70:90:1e:c6,a4:c2:e2:a4:98:d7,e9:ee:a7:93:e9:6c,85:bb:68:ac:e3:7c,ed:5c:f9:5a:d4:79,b9:be:3b:80:c3:68,5f:cd:c4:e1:c4:6b,64:9a:cf:cc:0b:7b,f5:7a:a4:99:b6:18,fb:e6:c1:3f:dd:57,87:c2:0a:7b:75:f3,2d:48:76:f7:7d:74,e0:c4:77:6d:2a:2c,c8:55:f6:9e:7c:01,19:27:0e:38:6a:40,51:12:b2:94:f3:fe,7c:71:f2:fd:92:94,f6:93:31:f1:3f:99,b0:d9:e1:d2:cb:1f,46:e9:a3:fa:96:ea,a2:f5:dd:bf:89:6e,fa:c1:22:47:65:1f,d4:45:57:7f:70:09,68:4d:b8:12:b5:fd,9f:dc:31:6d:1a:dc,e8:79:dd:00:1e:ed,8e:ef:69:63:c0:89,15:04:1f:ed:24:f9
f2:5e:5c:c6:78:42,15:bc:dc:08:fb:46,73:e8:ac:70:b5:04,1e:36:bf:a0:93:9a,f3:b3:c3:c5:01:f7,15:47:d9:e8:3c:05,0a:d6:14:55:44:f5,c8:e9:20:07:7e:58,83:d4:b0:f6:93:97,f2:c1:3c:4d:c9:b9,b6:88:b1:c5:7d:19,5c:ea:71:33:6f:9e,1a:fd:7c:46:b0:96,25:d4:df:21:ee:a3,0e:00:16:fb:21:a6,c9:95:b5:93:f4:6f,77:4e:85:d9:5b:68,0e:39:b4:39:2a:fc,66:0a:56:8e:51:42,b2:da:df:c6:ce:17,ed:c0:2b:30:94:55,92:be:b7:34:a7:ca,da:6d:61:01:ed:6c,a2:ca:7c:d1:77:f6,d2:3c:a9:a1:79:df,b2:d6:79:b5:70:98,47:0b:b9:e2:ba:f3,fe:6b:3a:68:87:b9,96:da:02:e0:86:44,f4:85:a6:92:83:5a,cf:57:d6:d8:27:8c,60:9c:19:84:11:bc,0c:ab:98:f9:f6:9b,b0:27:56:6b:4a:7c,d5:91:ea:cb:a5:48,9b:bb:d5:f4:2a:b6
87:17:0d:37:e6:45,35:3e:b4:c4:d4:7d,02:4b:f4:f3:65:40,44:72:ca:25:5c:6a,6a:70:6b:42:90:72,2a:46:59:e0:cf:67,ad:3e:4e:7f:9e:37,ea:67:b8:ab:c5:4c,f0:b4:ad:f7:f7:6b,14:b0:2f:bf:e2:c3,eb:20:b5:59:b6:ef,17:34:92:cf:db:23,b1:3b:0d:ba:c1:47,2d:b2:28:3e:b3:f5,8c:97:3b:39:4c:ce,04:48:81:7a:12:f8,da:4a:a4:8f:fd:1d,4e:b3:7f:1a:75:ae,91:75:cc:fd:3c:0a,60:75:69:6b:7d:33,f7:b5:b5:78:80:b8,5c:a6:96:92:41:7f,d1:48:37:57:c4:03,62:a8:fa:2e:0e:67,c3:fc:87:fc:fc:0e,72:29:6f:9d:4d:0f,10:68:93:49:b7:12,4a:63:76:26:b7:f2,68:0e:7d:89:15:70,cc:82:c7:10:e0:15,8f:ac:00:d4:96:d1,1c:50:49:6d:f0:56,b5:45:e9:63:41:6b,d6:40:20:6d:71:ef,ce:d6:57:2a:a7:1d,fa:a3:34:7e:bb:26
45:4c:63:2c:8e:c1,0a:8a:93:d6:b6:55,71:c5:f1:81:56:11,09:2c:35:b0:7a:ee,39:02:cf:d3:27:21,90:12:ca:be:c3:ed,a1:7a:ff:da:70:eb,dc:39:e8:68:da:13,bf:55:75:37:16:f5,f2:bb:ef:61:f7:f2,96:4a:30:70:02:a2,99:00:d8:8c:19:6e,60:a6:3c:58:10:76,b1:8e:b7:ef:f6:49,72:04:2a:8f:42:2c,39:04:3b:13:af:d5,27:da:fd:a7:c5:9c,ed:04:40:a3:1a:fe,73:37:3c:3d:09:ec,00:7e:4e:76:e8:a7,6e:34:62:66:98:a9,9f:0b:ea:a4:1e:a6,7a:4b:29:fc:7a:d4,b9:ab:a8:0b:ea:02,68:54:62:ab:1f:5a,b8:9a:c8:50:43:3b,0c:3a:b2:55:bf:b3,2e:e7:20:41:3e:18,e5:97:06:7e:18:fb,06:69:a0:80:20:86,00:4a:e2:68:8e:31,e1:4b:67:c2:e9:61,4f:8a:43:37:00:0b,99:8c:57:1d:11:1c,fe:1d:07:05:f8:f9,de:a9:c5:f5:3f:8d
4e:94:36:2d:ea:a7,15:d8:ac:57:ed:36,83:ea:87:cf:79:b5,58:98:6f:a9:e3:bd,6c:fa:d4:3c:09:1b,39:05:83:62:aa:bf,4e:6a:24:b7:04:30,7c:5f:de:f3:41:b1,f1:3a:f8:ce:0a:46,a8:70:05:8e:40:db,cd:32:42:58:75:6c,e1:6c:a8:9b:c5:a4,d3:06:01:7e:2b:10,85:1d:27:77:da:ec,0e:93:f0:c3:8a:8b,a5:b7:2f:2a:ee:3c,21:53:fc:15:a4:dd,b3:de:55:84:85:be,de:9a:35:2a:02:f9,b2:b4:47:da:4c:38,d8:a1:b0:08:d9:73,72:8a:df:76:48:95,33:8c:8c:5b:30:c0,1a:f8:b2:fa:63:2d,1d:df:a6:c2:dd:d1,34:a9:cb:4c:06:2e,cb:da:7e:10:21:20,a9:c2:bc:1d:98:5b,30:89:73:53:27:79,d4:3a:0e:3e:a3:a9,8d:8f:70:2b:e3:b3,fa:3a:0a:5d:ed:9e,79:5f:8f:b1:73:69,3a:7c:1e:10:96:7f,2d:c9:91:3e:ab:4e,6d:ac:0b:ab:b2:b4
e8:31:bc:03:8f:41,53:bd:86:c0:91:23,b7:de:95:76:b1:6d,5f:94:15:6b:b8:f2,69:3c:a3:e1:8b:ae,61:50:b9:3a:db:9f,f6:c5:00:7f:5f:f2,19:85:1e:40:9a:21,50:41:02:83:8c:e1,18:03:08:a4:b0:c5,76:48:39:73:69:c6,ce:b6:a2:b5:28:80,72:31:d3:de:82:38,9d:07:9d:90:95:03,47:ed:be:2a:7b:46,3a:08:2c:86:2c:50,70:b6:70:6f:ca:e5,5a:83:0f:43:c6:98,ba:d8:dd:df:e4:52,0c:aa:3d:3e:43:ad,24:b8:c5:01:4e:65,28:e1:af:94:30:50,c8:b1:f5:ab:48:9f,87:fd:0e:7e:c0:0d,a3:16:71:7c:fc:77,09:18:ef:78:7d:de,24:d1:68:15:ca:8f,4f:3d:d0:8f:74:bb,74:d1:3b:1e:a3:4c,5f:c8:fe:f0:4f:0d,46:c2:b3:76:64:bf,17:05:8c:1b:1e:3a,ca:5c:77:f1:60:67,dc:e4:ff:0b:8b:ec,8d:b4:15:4d:34:a1,55:49:d5:b1:f0:35
69:9b:28:c2:22:65,11:47:26:4d:dc:60,46:c8:dc:2c:c5:6c,53:0a:f3:7c:96:3e,5b:b6:0c:c0:99:86,ad:a3:95:f0:52:a8,a6:17:8b:06:5c:ae,4f:96:1f:90:80:b2,68:94:15:fd:00:cc,21:3b:63:41:b8:48,fd:bc:fe:ff:75:37,f9:65:ce:46:8a:74,13:37:f1:32:b6:4c,3f:b2:9e:b5:63:b5,cf:c2:b9:1d:43:f9,c2:e8:83:0d:70:74,59:08:c8:2f:e8:c1,38:c1:01:fc:10:3f,2c:cb:7a:11:fe:86,cb:f6:1a:56:1f:3f,15:aa:73:87:3a:62,b5:a0:38:5d:60:ff,2b:0b:50:d2:3a:6b,68:ad:34:41:ab:0f,81:e7:3f:f2:fa:23,74:6e:f7:72:fa:03,0f:54:8a:86:10:eb,85:9f:25:5b:e3:19,90:20:6b:2b:fa:b7,f5:9a:cd:31:b8:d4,a2:59:c8:d3:6a:cc,8a:a0:ef:bb:86:3c,8d:91:59:5f:60:9b,dc:70:46:d6:96:44,bd:64:91:ce:ab:a2,45:7f:ef:68:4e:b7
23:48:3a:99:a5:c3,1c:51:7f:3d:54:c0,e5:c9:67:a4:9a:ec,21:16:aa:99:2b:00,b5:43:9b:48:26:c6,72:db:41:68:03:62,79:1d:4c:5e:58:d4,da:d1:1a:3c:80:81,ab:1c:a4:13:93:c0,24:af:40:25:81:41,51:0c:1d:e3:c9:1a,1d:10:b4:77:8a:ad,4d:0d:b9:c9:62:70,06:9e:5e:34:87:72,af:49:bb:90:c8:bb,e7:8c:e5:04:70:7b,38:f8:0d:c8:55:ba,7c:19:ce:ce:f5:9a,4f:93:27:dc:bd:60,4e:89:ce:f5:e9:c5,5b:f4:0b:01:45:79,96:13:25:8f:9f:00,50:d7:21:5d:a4:4f,9d:fb:1a:fc:88:b0,ce:a1:27:f5:73:54,00:b4:23:62:be:d3,6d:55:bb:ca:10:f9,5d:22:2b:01:b6:48,90:70:2f:b9:7a:45,fd:06:18:01:f6:6a,33:83:67:7f:68:6a,82:48:1f:a4:26:e4,0f:8b:28:e5:97:5e,42:26:ca:44:51:3b,29:9c:29:e5:b7:b6,7f:86:9b:9f:d3:8d
5a:72:95:c8:b5:13,93:41:ea:2d:ca:f5,75:b6:e2:b4:50:f2,f6:00:7f:07:97:fa,87:f6:2d:53:c5:f8,79:84:6b:1c:0a:45,99:5c:9d:7c:11:a5,8c:79:bf:13:c4:2f,ae:82:7c:51:95:de,42:c6:83:dc:99:6d,11:26:c9:c3:60:df,9a:15:9c:ae:47:d2,a6:79:ea:98:40:7f,55:6e:3a:ea:3d:c7,97:7f:77:82:ff:f3,e7:c2:b5:fc:2a:00,f1:41:dc:5f:b3:ab,a1:50:37:7c:c0:36,5b:20:c3:3b:d5:a6,f5:cd:bb:ae:3f:81,0d:4c:be:51:49:ea,46:a3:08:87:cb:48,5d:5f:2d:62:1c:bf,db:16:7b:b1:23:a4,14:34:1c:f0:c8:77,4d:db:4f:ae:72:3f,dc:60:1f:a8:cb:b1,6c:aa:86:2e:8e:7b,7d:8d:bc:04:41:16,46:30:0e:a7:3e:92,13:64:cf:f5:9d:45,7c:47:6d:b0:d7:15,48:a5:c1:01:52:c2,ff:04:0a:d0:5d:cb,59:1f:76:76:87:81,cd:5c:0c:49:9b:32
62:33:22:69:e1:0b,41:9e:1b:3b:57:1e,2c:3d:ab:96:19:87,64:0a:12:11:52:50,eb:b6:41:32:c3:f0,9b:19:f8:ec:74:4f,90:d7:2d:ea:25:55,93:69:1e:33:01:24,3b:c6:03:a2:d2:ce,66:e5:08:90:fc:18,7a:21:78:38:7c:89,80:81:f4:b3:29:92,8c:b5:9b:2f:8f:59,a5:79:ab:b0:75:4d,8a:50:00:04:d8:f3,49:40:22:94:27:9f,87:9f:9c:08:7f:c5,44:ef:6f:8d:c2:31,72:f8:e3:ab:e5:7c,bb:73:11:a4:cc:bc,b0:d2:dc:07:e3:02,7f:89:77:d4:5f:89,12:ae:ec:52:5e:2a,b6:e4:e1:d8:a9:3e,d8:e4:78:da:f3:27,43:4b:4d:10:e1:40,2c:04:1b:80:8c:65,e1:2c:69:c0:d9:52,c0:21:2b:de:bc:27,91:d0:3c:b5:5b:7a,8f:59:dd:6b:f1:2d,3c:e3:78:a5:33:a4,7d:54:ae:8c:2a:78,4b:fc:27:da:27:09,50:15:0b:75:73:12,a7:e0:e5:4f:c6:e7
c2:a1:3e:ad:94:f3,6c:33:aa:72:78:23,1d:c0:53:f2:cb:60,e1:9f:c4:47:a2:c6,81:c7:87:50:3d:f0,9a:4c:5d:7d:37:2e,23:63:ca:03:0d:00,ac:d3:13:49:cf:c9,d6:87:c8:1c:6c:f3,ab:89:ed:fe:40:56,10:19:01:bc:17:16,94:e6:ac:1b:53:8d,d3:ea:07:25:2f:8a,50:6b:76:61:76:82,f1:09:6c:a6:ef:88,99:b9:5f:12:df:1c,9e:07:e7:9c:c8:a8,69:86:2d:66:c3:ea,7a:cc:31:1c:ed:fa,5b:ba:89:dc:b2:f7,df:5c:0f:c2:6f:66,e7:ba:df:ab:78:26,12:1a:0b:f2:b8:05,03:4d:88:c2:59:26,5b:b8:d9:0c:37:da,97:1b:78:78:f2:fb,16:6c:fd:d7:14:a9,b5:36:23:86:7c:96,db:59:2c:55:0a:95,2d:8c:f4:28:0c:4e,cf:f5:59:28:5d:e0,9c:6f:fe:af:92:0a,6f:3a:ae:f4:5b:8c,76:70:f1:13:21:ec,a9:4e:36:b0:29:f6,7a:f2:9e:c2:ce:23
ef:e4:2b:22:96:d0,91:7f:70:44:02:fe,88:20:4a:83:21:b8,05:9a:9a:16:cb:b0,67:9d:47:a4:b9:8c,f9:cb:c1:77:ba:48,2c:0f:e2:5c:4e:c0,13:f0:ff:10:f7:88,b7:d9:63:20:7e:87,03:ed:58:f2:9e:da,6d:19:6e:1c:1f:30,8e:00:2d:0f:8a:d4,5e:91:37:f9:29:7d,72:f6:2d:1f:a3:e0,75:40:2b:fa:c2:a3,45:0c:e5:dc:f0:00,fc:52:b5:f0:7a:49,77:0b:c1:60:8c:92,5b:68:d3:5b:75:07,f9:44:d7:e1:67:a5,3e:c9:e1:51:3f:db,f3:82:61:c7:60:56,5a:d7:99:55:7c:68,45:07:a5:3a:3e:ca,65:fd:da:64:0c:a7,a2:41:2a:60:85:6b,db:49:13:8f:5a:52,d9:3a:da:c2:74:ad,64:53:6c:79:57:c9,85:b7:8a:dd:ac:73,e1:59:66:0f:fe:61,5c:1d:ac:4a:a0:fb,c1:08:90:9b:32:48,b5:5a:41:4e:a1:00,9d:70:4b:f2:c2:0c,f6:3e:bd:c4:0f:a6
8f:59:ab:b8:eb:46,8c:91:e8:97:08:f8,19:1c:61:80:10:bb,db:e5:b4:ad:b8:59,9e:3c:a1:4a:99:a0,17:17:be:52:c4:9f,6a:96:95:80:d7:81,2b:16:68:07:c3:a9,02:e6:e8:81:24:b8,7a:99:50:ca:cb:35,dd:14:ba:a5:da:08,c6:5d:04:ba:24:f4,9b:8a:fd:3f:32:b0,c8:89:41:87:5c:0a,87:fe:42:12:ad:04,35:67:ff:47:88:ba,10:02:d3:8c:c8:b1,c8:77:6d:ca:c0:cc,36:f8:08:f5:06:c5,f6:fc:a0:4b:94:06,d9:34:70:8f:bd:4e,18:4d:01:e8:34:f1,03:26:0f:bd:a3:62,cf:43:f8:f5:12:11,d5:49:35:48:94:b3,ce:9b:4f:60:61:b6,16:a5:54:93:fc:b4,9a:c4:e7:e3:cd:26,84:fb:7f:4b:63:db,fc:b5:df:85:89:2e,d2:e9:af:15:13:d6,7b:7d:e2:dc:b0:01,ff:02:19:7a:0d:3b,b6:0b:01:a7:e4:b5,56:c9:1d:ac:22:5f,1e:15:4b:e7:d2:33
be:d3:08:03:4d:3d,93:42:38:74:c9:bb,5a:6b:c7:fb:b8:9f,e2:7b:aa:32:a1:23,55:9b:ec:5e:39:00,d8:a7:19:ad:14:e4,60:95:76:a4:d5:68,c5:23:61:fc:c1:9d,17:c1:16:f0:25:73,59:a4:13:a8:90:47,f1:37:11:e9:b2:42,c6:2c:e6:48:e4:69,1f:c5:b3:f4:eb:03,d7:5a:5f:8f:97:e2,0a:83:1f:33:1b:db,49:99:4a:9e:82:b4,8d:0a:93:8d:2a:db,3f:27:d2:05:c8:9a,9a:1d:3a:b5:45:99,ab:19:e9:1a:0a:3a,7c:26:15:c8:e4:60,f3:8f:98:de:3b:59,9e:20:26:19:0d:e0,5c:3e:ce:73:70:8f,38:c9:20:19:77:42,61:d8:1f:26:dd:f0,5e:09:53:41:a0:df,08:01:0f:70:c8:be,75:7d:31:bf:4a:75,5f:24:af:11:f6:a2,21:e4:93:85:b3:f7,cc:5f:e7:de:2b:cd,56:32:c4:a9:08:af,35:98:62:c1:af:1f,d4:9b:ee:6c:4c:d6,87:d6:88:1c:e2:68
bd:04:c2:87:16:a6,de:de:28:d8:e5:3a,6d:aa:c6:72:e8:9d,8a:fb:64:af:7a:bf,c0:ea:81:b5:e3:be,c3:44:76:9b:e0:05,a0:b5:c9:0a:ee:ef,8e:5a:01:a8:1e:95,46:cf:fe:3b:6d:50,24:3f:e7:c6:bd:96,e5:40:1e:c3:d1:45,b6:6c:37:ce:09:8e,f5:a4:e1:03:83:bb,50:55:43:36:dd:81,db:9e:d5:12:d1:25,7a:d8:da:93:2a:88,e2:57:dd:f6:40:59,8d:f3:62:6c:ec:49,b1:3b:f7:c6:22:29,e4:69:03:80:02:4b,60:85:05:97:47:10,be:10:5a:54:4b:78,49:8b:9f:c5:ba:18,eb:a6:15:55:4e:fb,ca:b8:e5:58:fe:78,18:bb:db:87:75:c8,ba:22:f3:4e:31:35,6c:d1:7b:14:fb:ff,17:31:5a:f4:44:87,6e:57:29:fc:02:7d,8b:b2:51:d9:d9:ed,bb:c7:3c:c1:dd:c7,f1:98:75:c5:86:88,43:67:f0:fa:10:a5,e5:e4:b9:88:de:49,dc:bb:55:ea:c9:db
27:d3:e4:dd:66:43,a0:41:0c:bf:73:7e,27:0e:76:e9:ce:ba,7c:a1:6a:e8:75:33,7a:97:98:b6:95:35,5e:cd:39:be:47:14,e6:8e:d4:4b:73:bd,cf:3e:65:21:31:2c,29:e5:ec:0b:12:31,65:8f:a4:3b:d2:8b,65:c0:04:22:ca:2c,47:c1:fd:96:1f:c8,08:30:e0:87:1e:94,7b:0d:79:49:ec:50,16:da:10:be:85:05,33:83:b4:c2:6f:cf,ca:5c:a6:75:3e:4e,55:89:a1:fd:da:13,0a:e1:77:cf:02:b8,31:3d:0d:4c:61:37,74:e4:8f:34:1b:c8,b3:55:3c:1f:23:e8,3f:dc:00:76:37:ed,d5:d7:6b:9e:f6:2d,39:9b:6e:1f:9e:62,94:84:35:c0:a1:48,f3:b0:96:b1:71:62,2c:1c:79:df:d8:ea,95:8c:f9:f1:4e:d6,91:dc:89:96:9d:8f,ac:53:c6:34:01:b2,ce:f8:ba:b8:46:8d,39:7e:34:0e:19:cc,61:4e:af:71:bd:79,f0:59:e7:9d:48:4b,45:78:6f:45:96:fa
68:df:5d:ef:ad:0a,29:07:fb:b6:ed:67,a1:22:5e:f1:8c:95,18:54:c7:52:80:13,1d:60:c2:46:b7:ec,22:1c:fb:91:e9:cd,e8:2f:6f:99:4f:2a,0a:35:ce:a6:3d:3e,61:fa:32:92:6b:16,96:34:7b:50:71:97,84:0e:47:8e:1f:24,61:26:85:41:54:a1,e6:b1:25:3d:54:cd,50:9c:99:a1:67:6b,86:3f:34:04:e6:5c,d4:40:4a:30:83:0c,e9:93:e1:15:9e:42,2a:de:9c:10:78:b2,57:fc:be:c1:b9:45,54:e1:70:eb:cb:ba,38:10:11:20:e7:9a,6d:9d:06:5b:49:81,c8:a2:1f:18:55:43,e8:a3:77:1b:06:18,67:b9:8d:6d:89:ab,8d:df:aa:60:27:25,c6:f3:ad:f5:26:23,d8:45:fb:e2:f7:5e,07:b1:a5:77:3a:0d,0c:48:6f:c4:56:27,a4:cb:74:fa:61:23,60:75:99:d5:3d:6b,72:7b:98:32:8c:1e,04:01:48:6f:d4:87,0a:83:5f:bf:0c:1a,85:94:58:ca:12:ad
ab:73:ed:80:69:10,9f:e4:c9:3d:6f:c6,04:b6:e6:47:d5:e0,8c:04:67:a0:a0:88,5f:42:05:b8:e7:e5,b2:f6:fc:47:9d:06,4d:28:74:4e:52:bd,95:7b:1f:58:0b:66,7f:26:0a:49:6c:bc,1e:9b:7c:df:aa:78,36:f4:f4:f5:05:94,be:90:7d:79:d8:c7,35:51:17:9e:26:d2,7f:46:8b:b5:b8:47,94:7a:de:bf:17:1f,ea:82:7c:af:26:20,32:51:28:27:78:4e,d5:3d:51:08:0c:f0,c1:e6:04:94:fe:70,84:a9:f0:37:83:d9,da:0c:6d:0d:a5:4b,01:9f:fe:70:39:22,42:2f:d5:ee:9a:6f,4a:40:38:5b:3c:9d,63:bf:b8:07:7e:c3,15:63:4e:9a:55:90,28:7d:2b:e2:e4:ce,f1:94:c1:cc:71:ac,83:91:ff:71:4b:5b,35:46:70:a5:b9:8a,6e:7b:a3:7d:13:3a,a0:f4:bc:0b:96:85,5c:7b:e8:76:99:c8,66:83:91:6b:e3:20,9c:c7:82:0e:4b:91,44:32:5a:a1:a6:9c
31:91:31:ed:2e:1c,5a:95:2e:49:f1:60,6c:b1:99:6e:80:40,58:07:34:f1:be:5c,81:3e:d8:b2:a8:69,07:05:63:89:68:30,7d:0f:56:33:41:a8,24:b5:7b:e7:c3:e5,c0:73:5a:68:67:00,11:4e:ec:7c:bf:50,c1:a5:c6:92:1f:a1,2b:5c:e9:6f:4e:3f,fa:81:ad:f4:4c:a6,ff:7e:ed:9e:d5:82,7e:e7:3a:e6:52:51,61:42:62:69:13:fa,6c:19:54:69:19:0d,46:87:41:86:7e:d2,17:4b:58:11:d4:c6,6f:81:9a:e7:8f:cd,ff:29:11:d8:84:3d,1c:22:34:3c:81:f5,a7:2c:cd:27:16:9e,6b:6b:b1:9e:c8:dd,9d:b0:dd:ec:dc:81,d1:cd:4e:82:f7:31,a8:43:cb:60:a9:28,8b:83:a0:13:fc:d2,a6:04:d4:c4:2b:31,d3:50:c0:c5:a8:cd,bd:9f:bb:bc:a1:fe,69:23:04:c1:f2:46,b8:07:96:15:82:dc,1a:24:74:1a:5c:e3,2e:57:df:40:00:16,81:94:6b:0f:47:c8
12:51:9d:dd:7d:78,66:43:03:3a:a0:ac,bd:34:34:be:e2:a7,57:e8:22:af:a9:c9,03:d5:93:48:fb:f5,6f:83:ea:12:b8:ea,ba:b9:21:ca:8f:03,9f:c1:79:4c:75:08,b6:9b:27:2d:78:12,89:f5:c0:56:d0:99,4b:08:02:dc:98:54,2d:f6:47:9b:b0:07,8a:94:89:e4:a8:77,e3:ac:89:93:6d:dd,4a:64:ee:ef:bd:22,b7:25:a1:c0:68:65,a3:97:2a:a0:22:7e,3c:bc:eb:71:2a:d3,e0:c1:b5:d7:82:9d,14:0a:65:86:4e:eb,aa:06:d0:8a:69:be,79:70:a5:6d:dd:93,98:63:cc:95:eb:2c,3c:cf:97:4c:28:2d,c2:c9:9b:f3:25:d0,91:0f:5d:b7:e0:9e,08:a9:7a:3f:ed:36,d9:61:0e:f1:cf:c0,d2:c6:f4:f2:2a:ee,ba:44:08:f4:ab:ab,84:3c:e1:3d:38:b2,ba:19:d2:a2:11:94,db:fe:32:e7:7b:c1,96:2d:59:d6:6b:88,65:f0:b9:1c:8c:4f,9f:d9:e3:17:0e:5b
07:92:bf:d1:d7:90,23:ee:c6:21:73:37,77:f6:c6:2c:96:96,47:32:52:e1:a0:84,d4:f5:51:cb:c6:41,eb:2d:a3:5a:8a:1a,c6:61:02:40:2a:dd,6b:ed:ad:de:c6:20,19:c6:89:58:9c:ba,6d:81:9f:ad:b6:12,47:f5:3b:4e:9b:50,6d:4a:b3:91:e9:d9,74:65:fa:73:c2:7f,a3:52:0b:f1:4e:bd,10:b1:7c:cf:cb:2d,b4:70:29:52:dc:cd,97:c4:30:d8:c0:1d,8d:ef:c5:69:b7:84,c6:36:f6:ec:a2:e1,78:fe:23:7d:8b:d8,84:b8:76:16:c2:70,06:c9:bc:78:5e:e5,0b:89:b6:35:f7:48,e0:82:bb:ea:eb:4e,07:b5:10:96:5a:9c,0e:16:15:99:52:f0,44:00:6f:d0:6d:9a,be:74:1a:29:f6:bc,44:1d:8a:41:88:e1,04:0c:ab:d3:1e:c8,0e:4f:2e:44:e6:11,84:e7:50:09:f7:bc,23:47:8a:1f:64:70,36:33:68:8a:2a:e0,8c:38:2d:0a:c1:6d,6e:31:7e:61:c2:1e
24:bb:35:ed:45:c6,4a:bc:21:5c:1e:1c,ff:e6:1e:05:00:ed,e3:3f:b7:2a:2c:82,1b:6f:0f:66:01:f4,cf:a3:e9:96:4c:fe,8d:87:ee:18:cd:b9,94:c5:49:85:ee:f7,28:42:d3:f3:e7:a1,73:27:9d:ac:9d:2c,b5:8a:e4:5f:73:5e,11:de:e1:5e:d4:f1,8e:24:ed:d0:d8:7d,0b:2a:76:04:94:ee,6a:38:4f:d4:6d:b4,8b:b3:77:fc:0c:1f,f3:8a:cf:46:6e:11,ff:ca:86:7d:ce:36,36:07:d4:2c:17:f5,20:2c:13:9f:85:29,cd:b0:ca:fe:e3:89,64:b0:8a:40:ad:5c,03:34:6c:16:6c:6d,07:dc:fa:e6:5a:ea,9d:e3:4d:ce:22:ef,52:ed:67:98:77:42,a8:d3:f1:b9:69:76,a2:22:6e:5d:48:86,9f:8d:3c:43:ad:db,85:c4:bd:a4:57:4d,bb:48:e8:b7:98:0e,50:5d:e1:a8:3e:d3,0f:fe:82:a1:27:58,55:9d:17:1f:8d:0b,fe:b5:dc:bb:b8:e7,c3:dc:5a:61:44:31
3d:3a:74:3e:2b:14,7b:1b:65:dd:2a:0d,5f:74:c3:83:89:74,65:7a:8f:36:ef:4b,54:7e:8b:fc:85:11,5d:de:e9:1b:e5:99,fe:a1:a9:83:92:b9,e0:b7:01:58:ea:6a,51:e4:17:81:33:b9,24:cd:5d:69:ab:18,d4:6d:aa:55:62:2e,8e:23:2b:08:a8:21,28:61:b2:db:e3:15,c1:b1:85:31:11:45,99:8a:18:6c:52:40,6e:01:06:91:dd:78,a5:a7:35:ee:68:2c,8d:4f:d0:52:1a:85,37:e9:8b:95:e4:f1,9a:22:c9:c8:dc:c5,5d:08:5c:98:3b:9c,da:71:39:ef:74:94,d5:86:72:15:2c:f6,5c:1d:b7:ab:01:c9,ae:ac:06:84:37:e5,22:bb:52:e6:14:17,59:41:56:43:7e:08,9d:fc:f5:ff:0c:70,b7:e7:f0:d7:b4:cf,ef:4e:56:81:f6:e7,99:f8:77:c9:34:fd,f1:75:c0:40:cf:49,e4:8e:bb:55:10:35,c1:c6:82:c4:89:30,23:95:37:09:b8:96,61:b1:63:63:02:42
bb:4a:16:f4:3c:cc,46:0a:b0:2c:a5:84,26:5b:ca:44:98:a2,39:9a:69:c0:f0:db,d0:18:c0:cf:d4:8a,39:5d:aa:58:ae:f9,88:a0:be:88:83:69,20:a6:4d:ba:9f:c3,de:30:9d:de:58:1c,85:fc:9f:aa:78:6e,2f:7e:fe:22:3c:0e,06:95:3c:0a:a4:87,ff:6d:dd:5f:12:51,a5:53:c5:97:bf:ec,98:57:e5:a0:53:1e,7a:8c:3c:b5:e5:76,66:97:bb:b5:43:fe,ca:ed:e0:97:43:7c,c7:e6:36:5c:d1:c3,41:95:df:d2:67:b5,6e:b2:00:3b:4d:7d,5c:45:af:b0:36:6b,0d:5a:fe:9a:33:7a,b2:5d:71:bd:46:d7,7a:90:34:b1:89:18,70:9d:d7:74:c2:22,12:d7:56:c7:ac:28,6a:58:95:42:23:54,19:2f:0a:cf:be:99,8a:2e:51:4d:2a:50,bf:97:de:ca:15:6f,2a:e6:36:a8:6a:3a,2c:f6:e9:77:41:06,83:78:23:d2:53:60,13:cd:1c:24:d4:2a,37:55:bf:31:79:9d
27:b7:69:c4:07:d4,29:d6:64:74:24:91,5b:17:b3:c3:6a:3e,29:91:90:9a:5d:e9,44:2b:5a:10:82:23,b5:46:fc:b2:c2:10,17:e6:ff:b1:c3:63,b2:43:99:3c:75:6e,75:75:21:c6:0d:bc,bc:fc:17:e0:48:2f,71:ea:9f:66:c3:d1,68:8c:bb:a3:d5:d7,28:25:b3:79:69:14,e6:76:99:86:25:8a,0d:1d:29:1a:30:23,71:d4:0f:ec:2f:bf,d2:f0:5d:0d:c4:09,49:d7:9d:df:6d:5e,1a:43:be:8b:88:21,03:a8:76:ca:ad:5e,d7:38:df:48:49:bc,bc:9e:ee:51:a2:b0,60:7f:86:ec:51:26,f9:e8:2b:44:89:fc,b9:99:ad:82:2b:89,f2:b5:7b:2d:b9:75,b2:f6:03:f2:0f:f1,9d:11:65:25:ee:87,29:70:fa:21:f5:c1,53:65:c2:fc:3d:e1,ab:67:c5:a8:6a:f9,e3:b6:d4:58:fd:6c,3e:89:6c:75:a0:53,a7:24:a0:28:bd:29,31:46:43:7c:37:44,a2:f5:c6:ee:37:29
95:aa:ce:4b:94:73,be:48:aa:b9:bd:9f,b1:0a:92:90:11:32,b9:af:cc:02:86:6a,8a:3f:28:9c:5f:e1,49:c0:3d:3e:fa:46,ae:d7:ca:51:53:de,78:08:82:40:3f:7d,7d:0e:d9:08:d3:27,08:36:9e:c8:f4:2c,5e:97:92:95:20:91,5f:de:a4:7c:63:5f,e5:e1:a3:13:bc:a1,95:77:5e:c3:7a:18,07:67:a2:22:20:11,b4:6c:fd:bb:f1:be,8d:55:0a:c4:31:36,31:dd:f5:23:e0:ae,9d:c6:90:18:b5:ad,c9:b0:30:44:5e:c1,a0:47:78:7c:5a:e8,ba:df:36:47:5f:5e,bc:99:9f:43:20:e3,09:af:d3:ba:63:3f,ef:9a:9e:48:96:cd,44:e3:93:a1:46:10,1a:63:f9:ca:c7:6a,77:e4:a2:28:f7:96,75:1f:03:e9:25:3a,d0:83:a7:fb:35:b9,c1:68:0a:85:66:cb,44:4e:b3:e5:9e:c0,53:03:f6:13:53:78,72:d3:c5:c0:df:33,c2:b3:9d:07:e1:2c,93:d2:1d:5f:d6:8e
04:e1:c5:87:fe:b2,2f:89:ce:02:a5:a3,6b:e6:5a:7d:ba:98,8c:96:86:ca:a7:e4,0d:b0:97:2c:08:0d,41:6b:25:61:35:b2,27:c4:e5:50:1e:1d,92:b0:5d:9b:2c:c7,b7:3d:52:f9:cd:03,60:84:ef:52:17:1c,4a:f2:0c:fb:92:45,d3:90:2c:4c:2f:c3,e6:4a:38:63:27:f7,c9:f4:9c:82:9e:ea,a5:46:80:c2:ab:9a,06:a8:0c:64:87:86,38:ed:93:d5:b8:15,e6:94:47:b4:3a:0c,85:41:c5:04:5b:26,c7:7b:4a:8b:cd:3f,d6:ea:4c:2e:68:f8,36:12:7f:fd:1d:18,dc:af:e7:a8:9b:b4,cd:8d:6f:36:f7:03,50:33:43:a7:11:d9,5e:45:3e:13:fe:b7,64:d2:8b:51:b7:14,a3:e5:29:36:9e:51,27:b6:6e:32:c5:df,03:cb:f2:15:a0:75,85:60:f6:ba:92:17,d7:ec:77:cd:1b:0b,3f:de:88:a1:51:32,f7:ba:60:c5:5e:06,83:ed:14:55:7e:bd,2d:bd:f3:d1:d8:47
21:52:58:94:81:48,93:78:66:e8:fb:ba,2e:48:7f:ea:ca:b1,48:c6:7b:65:94:f7,ed:22:ed:88:27:f7,dd:27:2b:7a:12:a7,5f:96:42:42:64:c7,b5:5a:5c:84:17:00,37:67:05:8d:89:f9,ea:3c:6e:44:87:a3,e9:d2:61:33:c5:af,fc:ff:21:cc:58:04,65:0b:a9:5e:16:f2,07:f5:1f:e7:12:11,d1:03:a8:fc:e9:04,52:f0:ac:36:ca:06,5f:8b:09:07:2d:31,c5:7c:f5:5e:a5:3d,6e:c1:f0:94:bb:ed,49:cf:97:8e:06:5a,70:0d:d6:a7:d4:19,c6:82:4b:f8:50:ee,73:a3:d9:35:79:8c,98:cb:b7:e1:f8:df,51:4a:3a:9f:49:17,ff:02:99:2a:f3:ef,b5:f2:35:8a:8a:b6,cb:6c:b3:99:ba:30,1c:74:94:89:2e:29,af:83:ef:61:7d:0d,69:d9:d1:3f:fe:0f,58:57:dc:4f:67:60,2d:84:c0:fc:12:dd,dd:d7:1f:6a:e7:ab,24:56:d0:4c:c4:fc,b4:b9:ad:7d:d4:c8
bf:10:bb:c1:18:43,60:3e:c5:c0:bc:8b,e7:21:e8:ef:fa:f8,65:d4:a1:90:9e:ca,62:3c:37:2a:d9:4c,ef:73:8b:b8:3e:b2,0c:23:da:2a:94:0b,0c:38:e4:17:c1:c1,11:d6:5e:54:64:da,a6:e7:ec:c4:43:c0,3b:84:57:ce:4c:af,50:74:b1:d4:56:7f,10:2b:6b:65:80:b0,48:15:59:c5:c1:d4,0a:5d:77:db:47:e6,bc:39:ba:21:b4:92,d5:76:41:af:2c:6b,cc:0b:ae:63:9b:5e,4f:ec:97:ab:af:8c,fd:c1:83:9d:af:7a,8e:8b:9f:2e:5a:2e,39:b6:d6:d1:68:53,ce:75:fb:bf:9e:a9,91:2b:83:10:13:45,34:5b:6e:ab:eb:34,9c:a0:92:e8:75:6a,93:a3:1c:33:fb:96,ed:ad:51:f4:68:66,33:55:5a:ca:83:ce,5f:c5:a1:bf:b8:90,7d:37:24:f3:54:45,d5:10:a7:37:3d:92,a1:d1:f7:78:c0:72,c6:34:33:ed:87:40,0b:8d:df:75:bd:97,d1:8a:4f:b5:7d:bb
d6:74:1c:53:27:99,e4:6a:b0:ec:62:5e,2c:45:b2:8d:29:ed,96:bd:f6:8b:4f:f2,8b:d4:8c:aa:dd:1c,af:e5:2a:05:9a:8f,2b:9e:77:4a:ee:d1,3b:ad:69:07:4b:14,42:be:96:78:e4:7a,0b:3f:71:76:da:69,f7:ca:76:1e:5f:c0,82:2b:fd:e6:82:ed,69:b8:45:ec:05:43,ba:15:b0:63:b1:24,22:22:56:c2:fc:d0,d9:c9:b4:bb:8f:95,a3:11:e4:18:25:32,8b:d0:52:9a:b3:88,fc:7c:bd:57:99:77,fe:ef:79:ce:e5:ac,31:7f:8d:7c:64:11,74:36:2d:b4:bc:aa,b5:8e:2e:81:e6:06,85:cc:1b:67:f0:43,a0:e1:30:ee:8a:b4,7a:bd:25:ca:6b:34,c8:70:fe:a0:08:e8,89:fb:73:7e:6b:c4,c7:f1:1d:f2:03:da,f1:59:9d:f0:1c:8e,7a:d1:af:28:ae:88,27:17:d9:d3:1b:9f,63:26:b8:ef:33:f2,8e:d7:a4:e3:21:d4,57:ce:75:63:06:57,76:b8:63:82:38:fb
77:db:91:12:24:b9,5e:d9:20:5d:32:53,e4:32:1d:f0:84:7f,fb:17:8c:c4:03:29,12:2e:a5:e2:49:b7,89:de:8a:4a:aa:af,e9:21:dc:a0:31:c5,cf:d9:e1:0b:44:77,5f:f8:20:17:59:e7,1d:0e:5a:56:a2:28,19:13:67:5b:05:b5,f7:fd:d4:c9:2b:1e,44:b0:ff:98:a3:6a,dd:f1:74:50:47:07,d8:c6:4a:ae:54:b8,c1:a5:67:aa:8b:4c,ac:61:c4:9e:6f:62,f1:7d:dc:4c:c9:d7,7e:9e:40:42:48:08,6d:a9:3a:ea:3c:bf,f9:ac:96:a6:50:cd,c4:88:b4:24:08:7d,3e:b4:75:ab:a9:77,90:53:aa:f1:33:e1,bf:3c:5d:91:7b:5c,9e:0e:b0:fc:f4:d3,4d:52:de:30:33:af,47:90:4b:74:da:f6,04:c3:22:20:c1:8c,1d:e0:02:51:b7:88,b7:2f:fd:29:10:ed,21:3e:e1:b4:5a:64,82:4a:8c:b6:0a:43,47:a8:48:d6:53:43,af:68:42:99:5c:d5,af:ee:79:b9:6f:9b
59:a4:b0:83:6f:03,48:30:1b:d2:43:77,17:ef:b7:08:2d:35,8b:4d:fb:11:3b:c1,e8:7b:55:ae:d2:07,38:1c:41:dc:5b:c1,78:f1:c7:94:34:9e,58:c2:99:35:14:a8,d1:74:1c:c0:9d:1f,be:03:ec:68:76:01,79:7f:c6:25:63:c8,36:bf:cb:d6:49:ff,49:06:7a:45:a1:0b,60:f3:93:8f:ef:47,2f:cc:55:36:4d:7a,51:89:2e:21:6d:9b,40:b2:48:f6:8b:f7,59:b0:9b:5c:c5:79,a8:ac:ca:6b:9f:f8,26:10:27:24:92:88,d6:4a:19:f9:2a:c5,6a:cd:88:7d:f0:e3,65:85:4b:45:26:ff,36:7c:c4:ed:7d:40,18:6a:a2:2f:fe:d2,24:e8:f6:44:38:df,3f:76:bd:0a:25:64,7d:85:8f:04:ea:bb,9e:eb:d4:95:be:a9,5d:94:ad:23:7e:95,b2:db:f3:58:25:f5,99:b4:91:59:e9:99,d7:3f:ab:2c:5f:2a,76:b4:83:58:17:87,6b:86:f3:ae:cb:1f,2a:76:ef:4a:dc:ec
06:4d:ad:7b:34:c0,07:8d:08:d5:92:79,f3:71:85:b6:cc:58,7a:87:03:91:85:f9,19:35:4b:7e:ca:70,1b:71:63:f7:e2:8e,bc:26:ee:9d:d6:1c,8e:2c:23:82:3d:07,92:cd:1a:b1:c7:63,f2:01:f6:9e:95:a8,07:9d:68:9b:c5:a7,6b:fd:5a:c0:2c:df,43:75:53:91:37:fd,cd:17:8b:b1:39:1c,fe:23:ad:6b:cd:aa,5f:a9:87:7f:76:3a,22:84:68:2f:cf:03,e4:a0:31:d8:4a:16,26:e8:b5:a0:f3:5e,8c:00:ac:10:ee:01,67:e9:98:e9:55:95,27:58:31:78:9c:0f,db:fa:e4:fb:7a:0c,51:3f:02:21:3d:d7,02:9c:75:fa:3f:28,26:9b:7a:4c:92:f2,90:29:e0:39:3d:ca,89:ee:67:d8:84:ea,5e:c5:e7:04:94:53,48:4e:30:6b:46:2f,13:17:9e:d7:72:65,73:41:86:ca:c7:4f,98:20:8b:ee:72:72,d4:23:04:f2:49:56,85:38:f6:4c:f1:c8,2a:21:28:89:88:39
d8:1e:0a:73:a6:03,c9:a8:1c:1c:b2:f1,ed:71:d4:d5:9c:89,a6:66:55:15:3d:98,4a:1f:d3:97:d9:36,59:c7:c8:d3:36:0f,d5:1f:d8:89:0c:16,e6:aa:53:ae:5c:fb,5c:13:b9:d0:a0:36,fb:e1:72:dd:68:08,ab:70:d1:50:74:f3,2d:22:d6:52:3e:06,3e:8c:cc:3b:64:e8,09:38:30:07:43:03,ea:01:7d:04:13:0a,4e:db:36:b0:e3:02,6d:79:c0:e6:06:34,b8:d6:2f:ed:0e:9c,51:a9:cb:fd:0f:ed,d1:6d:41:c0:ec:0a,85:a5:4e:80:4b:06,fb:b6:d5:ab:f8:dd,1c:3d:08:60:71:e8,52:d7:64:74:bc:ff,7c:2a:a3:e0:5e:20,0e:5e:64:e4:a5:b4,11:b3:e2:9d:6d:7b,aa:7e:97:2f:42:f2,25:8e:e5:94:ba:c2,4e:99:63:84:cb:4b,e1:a8:8b:2c:00:60,f0:1b:d2:ac:c3:0e,5b:9a:9c:7b:4b:da,c6:60:47:3a:d9:62,cb:47:27:cc:f8:e6,c1:0f:57:01:d3:85
48:30:63:83:93:e8,3f:0f:84:1c:70:24,90:6f:c1:6d:88:14,df:bc:08:58:42:05,66:38:0e:0d:1f:98,82:78:01:01:01:d2,82:1c:be:36:3b:cb,8d:0c:2a:80:e8:eb,82:20:96:a7:30:c2,03:56:24:c9:ab:46,07:28:b4:c7:4a:5a,1d:b4:5a:52:f9:5c,bc:09:5d:d8:f4:fd,32:5d:19:e6:27:a8,8e:01:bb:ce:57:ed,c7:ae:e8:c8:3b:04,e3:f7:e5:22:09:26,22:17:1c:a9:5d:53,1b:ee:fd:fd:8c:4c,b1:16:a5:65:f1:ec,b0:9b:fb:39:8f:f9,a6:54:e6:85:a6:84,7c:5a:16:2f:7b:51,0f:bb:87:ac:bf:cb,f6:32:d5:d6:9a:99,0b:50:e1:25:69:30,0d:0b:c7:73:b0:ec,07:1c:cc:ab:53:1b,38:0d:88:95:c8:e6,5c:d4:1a:53:24:c0,f9:1c:be:a7:73:fa,01:66:cd:2f:6d:36,d5:c7:2d:0d:c1:01,d7:99:bc:c3:f3:f3,d9:f5:48:c7:75:eb,64:1e:1a:fb:ea:b3
a4:2b:b6:f0:da:0e,a7:b3:67:a4:57:50,18:c4:bc:d5:90:0c,cc:0a:f7:56:c2:ae,06:7d:68:2a:ef:31,70:98:5a:2d:a4:54,4c:68:c4:78:9e:93,42:f8:e5:5d:96:5b,0c:f9:6a:bf:04:5d,30:fd:d2:90:da:52,0b:57:8c:56:30:97,7f:0d:1a:c0:53:6d,da:da:db:09:b4:91,91:d1:5c:c7:1b:e4,56:16:5c:34:90:a8,49:cc:58:17:fc:f5,ec:ed:11:30:04:7c,61:ed:4e:7f:30:b9,d3:87:29:f1:78:c6,e1:5c:d0:a3:1c:4b,e0:e0:a0:c6:f5:f5,a6:5c:a8:84:40:56,d8:33:d9:ad:de:f8,48:73:b4:bb:73:7f,86:55:fc:2c:8c:d8,66:b5:a6:72:69:65,e4:51:f4:e6:1e:e3,4a:d3:c3:ee:e5:18,c8:96:ee:7c:ac:b4,94:fe:00:24:35:17,cd:4f:e4:91:03:94,44:b9:ed:01:87:89,6b:80:8a:3a:22:34,ad:64:38:db:f9:f5,e4:3b:f6:fa:92:a4,4e:6d:c0:7c:a6:1c
d1:df:53:d6:9d:2a,cd:75:0a:b7:9b:1b,7c:b0:67:b2:6e:fb,f6:2e:ff:77:2a:07,3e:d2:7d:75:dd:8c,64:36:a0:b0:ce:c9,38:49:7b:7b:7d:a5,c8:f4:1c:b9:80:07,aa:0c:5e:9a:d8:88,03:3c:ef:b2:ef:91,21:f6:f7:be:e6:01,47:10:e3:f3:a7:88,41:12:47:a0:5d:29,e1:b2:cb:b1:7a:a5,8c:de:e4:95:42:97,71:cd:2b:eb:18:71,67:62:50:7b:0e:67,bf:ef:c1:2f:72:b0,f6:fd:0b:31:a0:5b,3e:8e:8b:9a:3c:18,77:69:fd:2e:f1:56,f0:1e:54:2a:ae:2f,33:75:ff:42:14:1c,99:4d:ac:e2:da:0b,30:56:4d:37:c8:d5,a4:b2:dd:79:da:8e,0a:7c:6e:66:59:2a,01:64:02:9c:13:4b,b0:79:c7:ae:81:5e,f4:96:ad:d0:07:1f,27:ac:86:b0:c8:be,10:b8:5a:4c:81:12,07:c4:83:a6:40:c7,81:69:68:05:95:73,29:15:07:da:d7:6c,6c:06:69:c4:67:06
33:2e:fe:e6:cf:a2,d7:89:81:25:0a:97,f8:90:99:a3:12:c6,b5:e7:20:a3:c1:f5,78:cc:b3:63:2c:1e,62:7b:f5:26:fe:8b,df:e7:10:5a:cd:b2,da:31:3f:01:69:58,fe:e4:30:0a:ef:c7,87:13:5a:f6:21:80,f8:7b:21:55:87:48,d6:dc:70:23:36:24,df:ba:50:77:4d:36,0a:5a:ae:a2:6e:3b,93:32:2f:ec:57:81,40:a8:dd:38:4e:3d,ad:0e:e5:66:b9:18,94:c7:f5:94:ed:70,18:46:49:d8:a5:ce,41:95:c5:9f:48:00,0a:cf:74:ad:16:e2,ab:31:c3:5a:cc:7b,24:1b:45:83:04:00,66:f1:f5:dd:08:b5,10:d0:40:07:a3:98,d4:24:34:8b:33:78,e1:4e:ea:7c:8a:73,4d:5c:6f:36:f0:d1,38:c8:02:5d:ea:58,d4:eb:b4:e0:ff:c7,2f:0d:17:0d:27:89,49:ec:70:03:7f:1a,a7:56:62:97:b1:1c,6b:e9:8f:0e:88:a7,a5:b1:13:08:da:46,ec:24:75:7d:94:04
87:16:26:30:4a:6d,6e:2e:44:ed:4e:8a,45:28:1d:31:77:43,dd:61:45:1b:0f:ed,da:51:1b:86:ab:ca,11:fc:f5:ea:a1:e8,2c:ab:ac:78:89:2a,dc:eb:e2:a5:ac:0a,d6:42:e9:8b:c0:cc,42:46:e0:8c:6f:48,5e:e3:f6:43:e5:84,1d:5c:18:b6:63:f9,f7:b4:92:4a:34:90,36:c7:45:be:c3:a4,ec:b3:5c:d3:3f:37,36:0c:52:8a:28:0a,ec:5e:9a:fa:aa:67,54:6c:57:5b:c5:47,7f:70:e7:78:e4:64,c8:cc:a2:40:a0:ef,f0:42:d1:fe:a8:39,43:f4:6e:f6:03:9b,f5:08:20:c9:b7:0c,a5:10:a2:54:63:7c,25:af:e5:ed:9d:6b,67:59:65:03:4b:83,65:75:11:4d:0f:e4,2e:69:ec:42:67:b7,07:9e:7f:3f:65:d9,e0:d9:ea:b2:89:9c,e9:ad:82:31:b6:ca,e5:95:b8:c9:54:11,ce:a3:e5:10:de:1b,d7:9f:55:78:4a:d4,09:ea:ad:60:41:e0,82:ec:60:5e:fc:f2
12:2c:30:9c:ff:f3,9c:59:e4:64:dc:63,e8:fa:4a:4d:d4:b1,a9:3a:f7:a4:73:a9,39:72:c3:09:85:98,f7:18:9b:54:7f:5a,47:91:55:42:1c:6c,e2:9f:fd:de:ae:c5,fc:10:a0:d3:bb:74,c3:37:89:fe:8b:f6,ee:94:5e:10:ea:73,81:bc:ab:d2:f7:eb,ba:55:c8:5b:ef:cd,38:0b:b3:17:2d:a7,c1:c5:10:c3:78:3f,7a:87:88:57:df:e1,91:0a:35:fa:94:1a,04:96:f7:9d:5c:55,85:0d:05:75:6c:ea,99:d5:5e:0a:f5:04,36:2e:5e:52:69:ca,0a:1b:72:e7:2c:f4,78:0c:a8:cd:ee:4b,1c:29:af:d4:87:46,b3:b1:c0:6c:51:19,b5:1f:d8:91:8c:ca,1a:00:89:b7:50:d6,20:e8:11:f8:a0:a8,a4:b2:b3:78:58:bb,13:01:ce:85:16:a7,3d:70:b2:7a:35:6b,39:66:1a:b7:fc:c2,0e:48:75:72:6e:fd,8d:b6:8a:69:98:62,06:c4:be:2f:a4:23,21:d9:1a:a4:96:b1
bb:2f:43:c8:e5:58,50:ab:18:85:b8:33,05:5e:56:45:6f:6f,3f:30:74:31:2a:90,22:52:23:91:5b:92,b2:ee:0b:39:3e:ce,a3:84:2c:a1:81:10,f3:f8:1a:9c:80:48,49:a0:2f:ad:eb:53,2a:6d:a5:a2:ba:3e,75:48:ed:cb:e1:03,c5:29:08:8d:64:5f,5a:29:f7:da:cd:93,db:0b:5b:90:02:fd,66:f9:95:72:bb:93,03:63:c7:2b:c0:cd,fe:b8:8b:1f:b8:e3,bc:50:7b:cf:91:e2,2c:6e:01:2d:74:e6,bf:a8:e9:86:93:37,6e:34:d9:76:35:98,d4:01:bb:e3:f9:8e,34:61:80:74:c6:49,a4:7d:97:c2:a5:e4,46:01:f8:11:31:3e,19:b8:b9:95:d2:bf,cd:56:2d:b2:d5:69,7d:be:29:5d:7f:6d,b7:43:01:f2:28:26,c6:a1:47:ee:eb:75,f2:34:d5:1b:25:50,45:df:24:3c:4f:a0,05:ee:46:1a:36:0f,71:d3:bb:bc:07:b1,41:33:14:53:c7:c4,1b:60:e9:1f:26:a2
5c:01:16:70:a1:c6,b0:30:5b:1d:b8:9c,16:66:cb:7f:01:32,60:66:72:40:f9:de,91:c0:6c:f2:e7:0a,de:54:d4:d8:e7:90,8b:f0:4c:fb:c2:c1,8e:0f:8a:ee:5d:bb,3e:e4:b3:ab:18:b8,1e:b7:9b:df:6a:09,96:dc:a9:c7:22:a4,aa:db:d1:f6:b9:35,e9:41:51:c8:b6:9f,ed:25:53:58:bb:0a,4f:23:6c:93:0f:58,85:6e:60:5c:fb:6f,98:f2:28:ad:8c:8e,5a:15:77:e9:06:2a,20:ed:f9:19:05:70,11:a0:af:5a:57:b4,31:11:ff:f8:8e:16,d9:51:ef:45:f1:fb,a5:06:ba:9d:16:cf,f4:70:1c:7c:8f:fa,43:89:dc:66:19:85,7a:51:27:5e:47:31,df:87:c9:13:b7:3e,45:16:cd:3c:10:8a,4f:60:a2:a8:2b:74,96:b5:fa:03:66:38,6a:99:49:e4:31:72,32:dc:ac:e7:dd:66,2d:03:d5:7a:82:98,8c:28:33:ee:2a:80,91:1d:03:97:a9:31,ed:83:d0:6f:42:1f
7e:4c:86:c3:86:ed,1a:5c:ff:36:ae:63,a2:bd:c2:48:83:b8,7d:e7:8e:9d:14:26,d5:ae:d4:46:1b:44,a4:63:79:18:f6:a6,46:e5:ae:dc:06:9a,ad:a3:56:f0:d5:07,02:74:dc:3c:15:72,44:6e:5c:2a:c7:e4,55:04:75:75:9c:a9,af:82:1d:6b:c4:84,0a:e2:4e:cd:78:62,ec:c8:19:50:4a:6a,c3:f9:25:90:3a:64,d5:da:d1:db:a6:91,59:0e:38:8d:e8:18,5b:72:d8:d6:89:fe,07:84:a3:76:ab:b6,49:93:1c:de:77:56,15:46:b2:3a:e4:18,00:3b:f7:51:9e:b1,d7:ec:3b:b1:d3:e2,52:a9:27:5a:0e:67,64:38:44:d2:e5:ff,d4:cc:1b:42:7b:b6,88:ca:fb:02:de:3d,7c:32:a6:fb:36:3d,e8:18:5d:14:fa:0f,d7:d2:58:38:51:f2,5c:f4:d6:82:97:25,03:15:d8:5a:63:46,8c:3e:3a:ed:63:ad,24:e7:81:88:9f:08,8f:4a:00:04:4a:07,b9:0c:11:c4:e5:bb
0c:57:5e:d9:fb:36,ab:49:ce:8b:6b:b6,da:f5:55:19:11:56,ca:b3:f9:9b:6a:15,ad:21:a2:04:f7:06,7d:3a:1a:a2:7b:5b,23:4a:88:9c:be:ec,a4:b5:70:61:ae:9a,0c:a0:27:64:3d:f1,96:39:b0:dd:f0:13,4f:9b:f0:f3:f1:ae,09:2c:3d:6c:4a:61,42:97:75:9c:4b:66,17:63:ce:9f:ca:97,75:84:16:ee:b4:a2,0e:0f:67:c0:8f:a3,d6:fa:b4:89:1c:29,d5:8f:9d:5e:ce:9b,15:c1:01:78:40:b3,b7:7c:7e:4c:dc:a4,84:02:d4:0e:8d:73,a6:e1:76:33:81:6c,98:82:24:34:c5:87,ae:15:6d:a6:21:87,0c:08:16:02:7e:5c,0e:39:34:59:f7:d2,5d:fc:41:e3:91:eb,4b:a1:84:51:d6:b1,a8:30:8f:b2:06:1d,df:08:66:56:f3:49,c9:9c:2e:fc:b1:28,29:6a:25:83:14:77,45:95:c0:0a:40:f1,ab:0a:1a:09:92:68,3b:2b:b4:a8:a6:ff,18:c8:03:50:24:c4
2e:2a:fc:11:4c:0e,24:22:0b:1d:96:12,85:17:53:60:03:ee,a2:a0:b3:48:46:1c,18:6f:93:75:16:b3,41:51:88:10:de:50,c4:13:b7:81:d0:87,ea:dd:b7:db:0e:3e,ae:e4:f9:a7:aa:f0,4b:0f:fc:ec:61:81,5d:73:75:d3:fc:40,58:7b:d8:61:41:f2,36:71:6f:01:75:07,2d:fe:0c:0e:bf:ab,43:c6:b5:7c:7d:26,3d:20:46:c9:dd:f0,8b:95:bf:db:41:48,4b:06:0c:43:82:55,af:67:ae:f1:46:a7,fa:61:6a:7f:73:c2,4b:48:8e:7b:8f:2d,d1:e5:ca:88:92:91,59:c5:ef:9f:7a:f7,e6:de:1a:9f:b1:b9,a9:52:1f:0b:29:3c,83:66:eb:9d:aa:81,f1:5d:cb:63:d1:7d,6a:a3:12:54:b5:a4,4c:b3:62:de:26:a4,87:df:07:29:59:a7,7f:ec:75:5d:52:2b,41:d3:2a:2a:52:88,80:d7:6d:f8:0b:a5,6c:47:e3:29:1e:57,46:01:f2:24:1f:42,9f:6c:bc:e5:85:d5
f7:00:07:18:6b:fb,6b:f7:29:0e:c3:b1,c8:5b:4f:30:f5:8b,5c:58:a8:f4:11:b2,17:26:d2:0b:9f:40,6d:11:bc:30:43:31,9d:c5:ed:fe:66:78,a9:ae:9b:c4:90:bd,4b:78:b3:67:5a:df,60:73:d8:78:b4:c0,31:c3:9d:4f:76:51,5f:4b:89:8d:0f:f8,87:e1:3a:e6:55:c9,87:cf:50:d1:fc:93,77:c8:b7:1f:59:c9,29:3a:63:03:da:94,16:0c:95:bd:3b:a7,0d:55:02:ce:d8:a7,4d:d6:a7:b9:64:64,8c:2b:70:b6:0f:0a,05:a2:5a:88:6d:2a,8d:c6:ee:4d:c5:f0,d2:ea:f5:3f:07:20,14:49:2d:76:b9:7d,d5:41:e4:8f:e9:d7,98:c5:9f:8c:ed:40,b1:15:6a:ed:21:3d,77:8e:ce:80:af:4f,a4:cc:29:5a:d7:d7,11:fa:e9:1b:e6:91,61:e3:41:6e:2f:e1,56:95:f4:3f:09:55,64:ed:f4:61:5e:a1,65:5b:1c:aa:8e:58,3e:c8:c4:81:51:dd,46:1d:1b:4e:74:f1
53:5c:51:5c:70:5c,38:76:43:df:4b:c6,cf:b9:63:05:81:80,61:67:fe:e2:6d:48,87:8b:0a:c0:43:cf,47:c6:48:98:bb:34,6a:9d:cf:c8:f4:07,d6:b5:02:9c:ec:74,f4:45:a1:24:bf:c0,57:62:b8:5b:37:bd,4f:d6:fc:01:24:19,90:c4:cd:cc:c6:ff,d0:a3:17:d9:03:43,83:6e:05:c8:d0:17,07:54:f4:70:8b:1a,97:1e:3a:8d:9b:d8,a0:f5:c0:42:d9:da,ac:a0:cc:1d:59:5d,12:31:81:bc:f7:83,93:7c:49:2e:07:57,ac:08:98:0b:93:2d,74:63:c5:e7:99:9a,3a:55:da:5e:d8:50,8e:71:f8:0b:c9:b0,9f:d5:40:6a:54:6a,b1:36:11:b6:d0:c4,8e:bc:ba:68:35:d3,2d:18:89:0e:4f:04,89:05:8c:61:8f:99,6d:91:0a:eb:a9:f5,d9:f2:bb:56:0b:31,99:77:76:51:dc:48,af:19:4b:b1:3c:68,54:7b:3f:d4:b6:32,09:6c:ce:86:a5:14,11:21:31:72:c6:c2
48:5b:b9:70:e9:3c,35:e8:d2:bf:f7:15,62:6d:a3:fd:22:03,ec:03:b1:ff:36:30,b4:83:41:33:0a:e8,ec:a4:13:15:db:eb,48:5b:6e:4a:55:f1,16:17:3b:97:22:02,bc:ae:3a:d8:65:29,2c:a5:98:c6:4a:5e,55:06:1a:1e:b6:c3,aa:2c:2c:a8:e8:c5,8f:d6:8c:2b:f9:0a,24:a3:af:2a:7e:1d,4c:4a:8b:78:87:f5,a8:75:14:9a:63:27,28:51:bb:fe:9e:fa,f5:b1:d1:61:71:2a,b7:e7:ab:bf:00:a7,85:24:8e:34:8d:c0,3b:52:fe:d2:a1:6a,78:30:08:4a:60:b9,11:41:0a:3c:b1:7b,6c:79:45:27:be:e2,0f:e2:4c:3d:f5:5c,05:f9:9e:d4:90:fe,f2:31:39:9a:2f:f0,0b:7c:9d:39:56:f3,d5:9b:7c:ff:48:92,ba:e9:5b:01:72:fd,ec:13:d7:9c:db:0c,b3:e9:20:61:fa:57,a2:d8:3b:cb:74:3c,b2:78:9f:2f:0a:4f,da:6e:cd:ab:d4:62,94:bf:8e:3d:6f:a8
91:48:a2:dc:00:91,c6:ae:da:ce:c2:4e,cc:88:84:a4:a1:c7,22:1a:73:f8:5c:89,87:d8:df:ab:5f:e0,c9:84:e2:c9:35:14,e0:1b:13:b8:7a:cb,a1:a6:4f:25:0c:99,e1:bc:2e:2e:32:16,58:27:d4:7d:4a:de,08:6a:c7:ae:62:15,f3:e9:87:41:16:67,bb:17:23:da:81:19,22:a4:e4:6b:91:2c,9d:6b:66:53:d7:c5,81:31:e7:c5:5b:67,19:52:58:6d:75:86,55:d6:31:f3:43:78,17:93:99:7c:29:78,16:49:17:20:d1:68,96:c8:1a:9c:ea:5c,23:a6:eb:af:66:6e,60:f6:74:cf:87:cf,26:3a:4c:3f:5b:10,7f:dc:e4:92:de:58,52:0e:d9:44:e2:12,fa:9d:c3:61:58:28,f0:8d:c3:6b:8f:dd,57:a2:0c:db:77:45,2b:bf:5e:a5:d4:9b,47:2d:2d:6c:41:2b,dc:82:9e:0b:1b:4e,44:df:78:1a:c3:be,7b:08:97:5d:f6:e7,5a:c2:ac:63:b2:f1,9a:cb:d4:d0:f5:8e
0c:7e:a0:00:6a:73,99:ca:dc:48:32:b2,74:30:83:cb:53:fc,34:eb:92:a4:d6:db,c3:93:db:e7:88:16,fc:f3:a6:0f:ca:76,5c:5c:ef:b3:a0:2f,4d:ff:8f:e0:22:55,17:ec:08:a3:48:cf,fd:22:73:92:d2:17,aa:01:2b:0f:57:e3,5b:93:df:4b:c0:30,72:40:b0:93:79:ad,95:5d:c0:81:a8:f6,2d:36:68:47:e2:07,f8:56:11:0f:80:85,1c:c8:88:5f:0c:a9,0d:e4:dd:2e:4a:41,a2:db:84:5e:89:b2,e3:a4:f9:3f:f1:6a,76:22:3d:a9:ea:49,56:8e:83:2e:46:56,85:cc:2b:78:90:0c,1f:47:4d:6d:9c:94,39:fc:4c:26:44:81,90:2d:d0:99:7a:c6,61:8a:94:08:48:04,09:3b:4d:06:1f:a8,18:d8:e4:fc:95:24,c2:df:bb:74:94:89,bc:c7:92:de:1e:87,de:bf:9b:1f:7c:ff,20:a0:1c:b0:db:89,36:4f:c2:41:86:e8,e2:ee:51:f7:83:e4,e2:de:eb:9a:21:d0
32:d0:9a:37:58:17,4b:b9:31:94:e0:69,1b:81:6c:9a:ba:41,3b:3f:29:b1:fc:1a,d8:89:e6:ae:03:11,a5:b2:d9:b0:7d:93,21:90:f4:c7:92:df,fd:e1:7a:c8:bc:cc,5e:3a:3f:79:f4:1a,ce:93:96:ae:e6:ab,1f:32:69:02:7a:74,b3:f9:69:98:ba:e2,d5:57:38:bd:26:f6,a3:63:a2:9e:87:85,10:d5:68:1a:2d:12,83:af:77:27:bb:bd,31:db:4a:62:17:d6,81:8b:15:ee:ac:c3,81:19:db:b0:f0:b1,5b:bc:c1:b0:03:24,49:e1:b4:cf:ba:15,39:28:ad:43:c6:c5,79:bb:e5:28:79:68,db:f3:fa:c0:72:cb,00:8d:2d:76:63:8d,50:de:a9:64:d9:8e,b5:8c:d4:df:97:0c,5b:b9:6b:fb:76:72,e1:fc:d1:00:3d:6e,bd:e2:7f:00:00:f6,4c:b5:1d:ca:96:ac,6b:d0:b1:a8:73:ed,d6:41:87:58:65:e8,58:d8:9b:4d:69:29,fb:ca:42:2a:97:74,bb:db:49:79:dc:06
c8:da:07:44:88:d1,69:8a:e8:d6:b7:c1,4c:d9:f8:ae:d6:63,05:b4:e8:5b:e7:c8,5d:50:57:37:9a:86,65:d6:05:13:e7:0a,3f:d7:af:08:eb:47,6e:dd:e0:81:0a:7c,23:ee:99:a4:db:3e,29:49:33:61:b0:41,84:59:2e:fb:8a:c5,34:36:fd:ad:20:51,68:d1:ba:84:38:df,c5:64:c2:ee:20:f0,d3:d4:5f:c0:b6:73,b5:8d:6d:75:4c:87,a5:6b:1f:76:02:ae,2f:a4:7b:b3:c6:b5,43:2c:12:88:86:9e,42:06:6a:25:8d:83,a6:c3:50:85:31:8b,08:5a:15:a2:9f:61,27:bf:49:00:77:6b,d6:e1:b3:49:0e:ca,36:4d:26:25:e7:86,9a:c0:a1:95:6f:9f,63:05:4f:66:1e:34,e2:d0:0a:3f:df:23,88:80:13:55:9c:49,83:b6:b5:c3:6d:e0,f1:64:b5:3f:99:70,0c:1b:ea:a9:ff:02,87:20:b3:2d:66:e1,2a:5f:90:5a:d5:b6,20:35:01:cb:d4:d9,93:33:1d:cb:09:19
04:27:bb:73:1a:70,19:f0:57:29:a1:19,8f:7b:c3:b5:e1:cf,ce:ed:3b:76:5d:62,8e:4b:79:27:e5:65,91:f7:35:86:00:44,f3:f5:08:9c:7c:e4,b1:df:78:3f:ef:90,c1:93:50:54:11:22,13:6c:89:0e:e7:05,11:e1:03:55:73:95,1d:16:58:f9:2b:26,fe:62:7b:96:ba:51,63:2f:4d:a4:bc:c7,bc:ff:d8:eb:3c:30,b2:12:ce:57:3c:93,c8:72:0b:bd:8b:46,8d:fb:61:f0:78:bd,58:fe:7e:77:bd:34,80:07:3b:63:ff:43,ed:3b:e8:32:d0:d7,5a:53:37:3b:99:28,90:51:4b:7b:bd:40,01:f5:e0:03:b4:e9,1e:4d:3b:6e:1d:26,fe:8e:98:f8:07:c9,a1:cc:cc:fd:6f:9b,ad:08:be:2e:3f:73,80:a3:87:0f:9c:7b,8a:ed:7b:96:65:70,c7:a0:1a:ea:53:1c,d0:2d:8d:9e:0b:3d,ca:d8:11:61:9d:6d,59:1b:de:99:39:7d,23:c5:d6:b1:a9:66,bc:89:7f:5e:1c:db
f1:aa:bd:bc:47:64,98:95:5e:3e:3b:1b,2c:2e:9f:59:65:8a,2f:1c:a9:de:40:58,b5:e4:21:64:f9:2b,bc:dc:25:46:16:a3,77:1e:69:21:3d:69,a7:9b:8e:34:7b:d1,5d:ac:52:f0:9f:d2,41:43:c1:e8:5c:c3,6f:17:43:63:55:50,a8:a6:77:14:f7:ac,88:74:aa:66:22:ad,2c:e1:21:d0:4f:c6,c5:12:b6:ed:85:db,de:a9:74:50:60:fd,64:97:d7:3f:42:58,90:8b:b2:75:31:85,d8:43:ca:b9:1e:c3,a1:5c:bb:50:05:99,af:29:fc:0a:8e:11,37:3e:6f:04:4e:12,df:ee:03:2f:f2:e4,1e:98:52:d0:69:32,cf:0c:6e:de:a8:c8,f6:fb:a8:40:3a:7a,2d:48:0b:1a:d9:63,ca:58:af:9d:9e:f4,fa:36:06:26:13:96,3a:ba:17:2a:0a:ba,33:fb:aa:8a:28:90,2b:ca:5d:26:3a:44,f3:1d:ff:71:fb:8a,08:f8:3a:3f:f8:0d,7c:b4:17:60:77:78,eb:6d:15:6d:4b:27
cc:d6:57:a7:75:41,f3:54:43:de:18:3c,b0:0b:dc:f9:a7:f4,25:6e:5d:bc:ae:67,57:96:89:67:67:0b,9a:cb:9a:29:cb:9f,13:c8:00:6b:74:a2,a6:7c:fe:81:1c:c8,12:11:d4:19:22:69,10:5a:1d:1e:71:71,4e:9c:4f:f4:27:da,9b:37:eb:e0:f5:32,1b:ce:f6:4b:bb:8b,97:3f:82:3a:c9:c3,64:45:67:65:00:b2,7d:b5:8d:45:84:3a,c0:2c:52:78:d0:29,46:b8:d7:48:53:1d,9c:c3:d5:9f:bb:95,d9:4f:d9:6d:38:0e,a3:48:6a:09:5d:eb,08:f9:1a:fb:38:e9,55:d1:cd:d2:61:ee,8a:ff:63:88:f1:c8,e8:1d:99:51:a2:94,d1:57:f0:16:39:46,68:e6:80:9a:ea:33,de:1e:fa:61:49:84,38:8d:ce:f6:7e:df,e6:52:55:2e:d1:87,05:41:b4:de:37:8f,2c:4f:37:d3:aa:8a,4d:d0:8d:c0:40:49,8a:c6:9d:b0:93:8e,aa:15:28:aa:1b:60,7c:dc:0c:a4:d6:33
47:bc:93:91:7e:38,be:be:24:15:aa:bc,cb:9b:74:bf:50:11,bf:5e:f9:53:c2:26,d3:88:e3:06:3e:f3,a1:97:d1:ed:7b:c3,1b:b1:53:35:4a:a1,60:05:8c:94:01:cb,b2:03:04:38:c5:f2,75:66:f9:f5:8d:e3,99:68:b2:29:89:1d,86:67:72:f9:bc:c0,5f:31:47:90:65:9c,27:35:af:bf:3f:9c,72:15:79:47:66:dd,3c:61:f1:80:09:e4,2c:13:3b:58:b8:9a,64:57:7a:ea:8e:69,91:12:02:13:77:0c,8c:f3:a5:ad:ac:21,c3:74:ec:86:1d:e5,8f:ba:2d:15:26:19,c4:51:0f:2e:d0:b2,e0:cd:a4:0e:dd:35,27:a9:ee:d3:07:56,9b:8b:fa:64:f6:a8,3f:8c:79:42:fe:eb,c4:d5:7d:d2:46:a6,59:30:e1:c8:0b:d2,b6:ba:2e:df:2e:f1,85:de:21:13:40:20,a6:58:37:77:a3:e9,d8:03:6f:f1:6b:36,b9:46:14:6d:fe:22,51:df:b4:cb:35:5e,48:8e:3a:98:42:e6
dc:70:e9:3e:7a:40,c7:48:c9:e0:26:7f,29:97:03:8a:ba:e3,e7:c0:e3:70:f6:c1,a9:e5:39:85:77:cc,27:20:24:51:6c:3b,a3:30:2b:25:27:d5,32:74:67:e2:d6:b2,73:b8:a7:35:11:eb,4c:3a:cd:73:82:7f,6a:c0:dc:d7:5a:d5,be:c7:4d:2d:40:16,74:33:ed:75:f8:9d,c3:ee:0f:7f:5f:2f,41:52:55:5e:92:eb,46:3e:e6:db:45:25,0d:ef:7e:1b:9b:b1,cb:a4:32:fc:a0:63,67:74:30:37:37:cc,72:19:ec:0f:48:4d,0e:ca:a2:79:c8:2a,f3:9f:30:8b:ef:9b,b9:b2:b3:7e:e5:83,f0:43:45:9b:82:40,cd:c7:b5:53:a3:89,de:a9:98:be:f9:82,1d:44:f5:45:c9:3d,64:b4:7b:ae:e6:27,a0:b9:69:8b:c8:ee,e3:3b:6a:58:f7:91,6e:1f:1f:c3:a2:fd,3c:cd:c1:20:40:3e,f4:87:6a:e2:29:ea,fa:f3:c1:90:bd:5e,7b:e8:df:bb:8a:f8,69:97:d4:0a:8b:e3
11:65:11:5f:28:d7,a2:1b:68:db:c7:69,3c:ae:65:bd:b6:76,aa:bd:dd:69:a8:dd,bf:99:40:ce:7a:d1,ca:65:f7:f6:61:ed,6e:3f:4e:5b:7e:c0,91:52:eb:dc:13:fd,0a:81:6e:5f:7d:59,70:e9:1b:58:bc:c4,9e:eb:a8:f7:e7:fb,05:66:e0:66:fd:0c,55:77:d4:19:c9:b9,39:74:11:0d:c2:7e,91:a8:d6:ae:96:78,54:ee:18:75:dc:5a,d3:d0:21:7a:f5:fa,95:b5:54:1d:b2:05,19:0d:a1:67:c4:2f,69:7b:97:72:50:54,94:af:6d:8e:45:a4,e8:59:c5:8b:89:7a,50:02:af:4b:3f:95,95:a9:2a:d4:34:ab,79:ca:a1:b4:04:c9,85:fe:92:77:40:5d,d6:13:af:6d:b5:86,d7:c7:23:ee:71:04,69:62:63:7a:8f:93,67:e4:f6:2b:53:90,d8:ff:5d:55:bd:dd,f6:27:fa:56:ee:be,48:a3:32:d7:2a:3c,a2:0c:b2:92:ab:75,c9:51:bf:05:68:06,3d:e1:d8:6f:c7:31
b8:3d:24:cf:45:98,1d:0f:68:a4:b6:a9,e1:43:5c:c7:7e:8c,c0:20:03:92:ee:08,34:55:ad:b7:ae:79,66:7e:05:b9:72:3e,72:b4:1e:2d:31:ce,8f:82:88:37:4c:39,0f:dd:42:90:0b:a1,3c:ae:86:e3:01:f2,12:01:7c:f4:6c:51,b8:17:fa:ca:fa:73,b5:03:64:28:d3:92,40:1c:ee:6e:ad:2d,ba:42:6e:17:19:15,65:b0:b0:02:9a:ca,22:d7:84:a3:4d:b8,83:f8:1a:ff:4b:9f,c0:d6:20:c6:c0:f4,8d:39:ed:26:48:c2,dd:b1:46:be:0a:8c,d2:a1:aa:51:b5:da,8b:88:fd:e7:09:9e,65:a4:1a:95:d8:71,39:37:1d:78:e6:50,db:0c:59:83:d2:b7,f8:29:03:82:ac:6e,5e:ac:e2:db:79:a8,57:52:36:be:da:48,52:85:61:e8:30:ca,92:49:53:db:7c:bc,0a:2f:74:e9:f3:55,dd:dc:83:e7:59:d0,a5:b1:64:d5:e0:1c,db:43:63:83:eb:34,a2:b6:11:fe:ac:08
85:37:a5:27:30:5b,3f:e3:82:8f:af:91,30:12:c9:d6:c6:41,3a:96:43:55:b7:15,42:e2:de:11:60:cd,1b:16:9c:b9:06:35,e8:20:3e:f6:62:1e,8d:86:89:ff:7e:d2,ac:ab:8c:97:96:c8,3b:65:d3:99:f6:6b,92:9e:98:55:b0:16,96:2d:1d:48:24:07,b7:45:b3:60:e5:ef,cd:d4:c3:44:df:6b,33:14:99:b1:61:8b,ba:e7:b3:b2:a4:42,df:7b:c7:6d:08:7e,5a:18:a0:33:7a:0e,68:a7:f4:aa:14:8f,00:90:cc:3d:49:21,5b:a2:c5:74:3b:00,02:9e:9c:01:23:5d,4f:05:df:0b:d1:49,8c:cb:cd:93:23:8b,c0:97:5d:de:70:3b,b4:4c:db:f9:84:2f,cb:78:1f:0b:19:d8,35:05:07:b4:d7:36,b3:7b:bc:da:0e:5c,c5:e0:96:a1:d4:bc,8d:26:d6:21:26:75,8e:f8:63:05:37:f2,49:6a:67:03:a8:0b,b0:2e:0f:7f:ef:93,60:eb:07:1d:84:8c,ae:bb:32:55:23:db
cb:b8:5f:75:93:d2,89:a4:7c:c7:a4:d5,0c:b0:b1:a0:09:a2,3c:b4:fc:31:a1:4c,bb:f4:d5:3a:3f:c5,32:0e:38:d1:12:32,65:ec:c4:2a:4c:4b,37:69:65:c3:f8:d7,ee:4c:9a:2d:d4:01,47:2c:75:f1:55:d0,f8:d4:1c:8c:19:7a,b3:19:c7:42:66:28,17:37:34:70:09:dd,f6:f7:73:60:4a:9b,d8:30:61:f5:6f:62,62:b9:d7:3a:b4:95,b7:5e:aa:71:a5:9b,eb:4f:d1:89:db:be,48:3b:44:1b:0a:b7,1b:ec:20:e4:c7:1e,68:86:e6:5b:ef:7a,ff:c7:3f:a5:80:f9,24:cb:cc:fb:3e:03,ee:82:68:30:63:24,48:45:f9:9d:8f:2f,eb:94:f4:3d:d5:1f,8b:e5:6e:ec:40:f5,d5:38:ee:0f:85:71,87:bf:71:41:d7:9c,6f:2b:e9:3d:80:dc,9a:9b:c2:76:77:e2,c5:ac:82:1f:d2:8e,85:2a:2c:a7:2d:17,df:f6:bf:56:e9:43,0d:7c:31:68:02:9b,1e:40:78:96:9d:01
d2:40:14:7b:1a:92,78:60:1c:4e:a3:b5,1e:62:6c:34:bf:48,d1:64:1a:89:9f:80,9a:7c:b7:23:30:b8,bd:32:83:78:2f:5f,7a:85:ef:5d:ff:10,0e:e9:4e:f8:98:6c,a8:f8:d4:99:d4:9a,09:cf:b4:18:43:41,a3:96:3c:57:d9:63,70:e5:b1:18:c2:7e,65:4b:78:a5:32:b0,8e:54:37:aa:7b:c7,ba:d4:de:76:d2:1c,d3:1e:cb:bd:17:38,62:ca:90:d3:aa:25,b1:da:25:5c:4d:0e,1e:4f:71:a5:ef:f8,91:92:f1:5a:79:13,13:d3:aa:66:d0:f6,30:3d:d2:15:e8:6b,53:85:b8:29:54:8d,b5:d0:61:82:27:1e,e4:a9:f5:5d:64:72,69:db:62:c4:dd:2e,73:b3:82:71:51:85,78:ac:98:31:f2:74,4f:ba:72:39:8b:0f,27:10:fc:62:37:09,f4:a2:48:40:73:26,6b:1c:da:69:35:1d,f0:8b:0e:52:4e:74,27:33:b7:dd:78:c7,5b:46:f2:a9:4b:1a,d7:1d:b1:fb:97:97
76:28:0c:b2:85:9f,6a:13:07:91:0c:15,d1:77:81:c1:52:ac,04:b8:bd:99:ce:0d,76:57:4c:07:da:d9,bc:eb:19:a6:ee:b1,f5:01:6c:32:6b:65,90:d5:7e:fc:1d:d6,ac:00:ae:d7:52:88,d5:65:40:c5:d9:e9,7c:44:01:5b:e0:09,50:bc:c5:2a:61:0c,08:3f:7e:c3:45:e1,7c:7b:97:9c:6a:8d,c9:95:6b:71:d9:19,be:7f:f9:d9:09:68,7a:97:0b:29:4e:03,6c:a5:83:aa:b2:ca,6c:6a:31:75:da:30,47:7b:ee:a4:16:ab,33:bc:33:5c:45:8b,37:34:4a:0a:57:f8,4b:ce:47:06:6d:69,75:fa:de:0a:38:9e,d5:c9:d2:2a:8e:8e,35:90:ad:81:2f:7d,4e:d3:42:8d:35:b4,6b:08:45:a4:d7:1c,83:5a:12:7f:0f:f4,9a:00:06:80:db:c8,93:96:9d:9a:97:f0,d5:3e:6d:df:e3:13,c8:f8:f9:b8:02:20,55:6e:fe:f1:77:3e,d6:5a:3e:52:f9:56,43:76:b3:f6:3f:ad
03:80:b0:85:1b:28,a9:2e:5d:2a:6c:14,50:d0:f9:bd:bb:88,6e:51:e2:c8:94:f1,16:c8:cd:f8:19:53,98:dc:78:cd:67:5b,a9:28:63:60:1b:03,b5:c6:23:6c:cc:b8,82:62:80:ac:d1:1b,ca:2e:0b:4e:f6:a1,a1:3c:7a:18:b4:57,e4:23:ad:22:52:da,2a:67:ee:1f:ae:c9,c6:4d:fa:19:3a:be,a1:81:60:1b:6d:cf,ce:58:77:c4:7f:1a,1d:bb:ca:0a:5b:5a,26:a5:38:00:1a:7e,f8:e2:0c:0d:66:db,50:ff:a7:f7:35:b9,97:61:47:84:6e:54,6e:a7:6e:1b:2b:bd,17:ba:94:19:cc:af,51:33:b3:56:eb:09,f0:6b:02:44:19:d7,e8:f5:47:91:7c:8e,4f:e7:55:0c:86:da,9f:66:61:49:44:cb,fe:9e:a5:17:a2:e8,61:c1:bb:0d:e7:72,22:99:b9:d7:1e:1a,79:cc:cd:8e:b7:1c,19:6b:34:37:b5:c2,1d:37:fd:dd:b1:5b,03:be:62:52:ce:17,a3:f3:2e:de:40:a1
b0:05:16:35:01:b3,74:58:96:ac:5d:ae,50:76:72:f3:30:d3,54:1a:ca:a5:41:97,86:b2:03:c2:d8:d5,39:09:96:f3:8c:29,01:55:31:dc:d3:ff,5a:48:8f:90:8e:35,98:ed:fd:4c:66:32,99:62:9c:07:7c:af,75:6f:54:15:6f:74,5e:8c:5f:2c:34:06,a4:a5:f5:ec:6d:b2,d6:de:4a:78:ef:2e,2f:98:f5:bf:69:61,ae:6a:96:df:4d:07,43:22:df:46:65:3a,a6:1c:c3:c3:b2:a5,23:62:36:ba:b6:ea,75:52:b7:2f:5b:ba,bb:ea:98:59:91:16,8f:5b:a3:59:6e:38,6e:f0:5d:ac:95:66,4c:45:ab:79:be:94,aa:0b:cf:0d:c5:92,81:12:19:ea:59:2d,c3:51:65:32:74:b0,5b:63:3f:4f:21:34,8e:f8:0c:28:89:11,c6:5b:a5:23:82:26,a5:f7:c7:9b:75:2c,b4:27:65:aa:9c:32,6a:d4:3e:0b:c9:e5,4b:b7:1c:6e:37:cc,b4:40:f6:c6:bf:a4,02:76:a6:ac:91:29
69:71:7f:d5:47:97,fa:0a:ce:bc:2e:10,04:48:74:2c:eb:ee,23:0a:fa:d2:56:c1,9e:56:23:cf:8a:02,fd:e9:87:e1:a6:d0,78:d7:54:a0:f1:cd,d6:b6:24:54:d7:88,c7:fa:39:3c:fc:8a,b8:c7:ad:81:53:76,6a:8d:ce:23:18:0d,db:38:09:c3:c4:53,5a:b1:ef:d8:a0:a8,ce:69:e3:b1:28:50,22:68:b9:47:14:a3,fa:9b:69:34:3b:89,91:90:28:22:48:35,d6:ec:f5:03:b3:09,44:f4:f2:e0:91:e6,b0:3e:ac:06:0d:5c,43:53:d9:63:0a:ca,00:26:3f:7f:73:93,cd:50:75:3f:39:b2,4e:ee:9e:6e:91:84,63:b2:f7:0b:75:f3,e8:c8:31:dc:e8:8f,d2:ae:30:6a:0f:ab,c0:2a:63:e9:e2:80,b4:24:17:f2:00:af,20:20:41:0b:16:3d,b0:e9:08:db:ae:2f,be:dd:96:21:82:e3,b9:ce:74:4c:f1:d9,2b:ae:1d:91:7d:9c,ec:34:88:54:e9:e2,3f:c3:23:7a:44:a9
06:db:ff:89:65:7e,dc:d1:ad:ad:62:28,05:5d:04:34:32:2c,0e:8c:04:fe:e9:9e,48:5a:fd:ba:1c:9d,b8:28:96:ee:a8:8f,76:c4:6d:80:09:fa,30:00:9d:bf:dd:8b,8d:d1:e3:b0:d4:92,55:1e:f8:14:e3:c5,62:37:49:a1:22:e5,c2:57:a9:40:12:44,c8:be:06:a9:7a:52,b2:05:fd:f1:da:e3,4e:2d:05:2b:71:cc,7d:48:5b:93:6e:2d,06:05:5e:ac:cc:df,9a:1b:fc:d8:21:d9,ab:10:7c:26:87:2f,60:ce:6a:06:39:8c,0a:25:c6:c5:b5:d0,ca:d6:f1:aa:65:2f,e8:77:93:12:46:61,bd:b4:0a:b4:ea:48,a8:84:f1:d9:5d:d1,d1:65:96:d5:d0:1a,87:4e:7b:18:93:20,c1:10:e0:50:27:8a,b3:f2:b2:ff:8e:41,0b:fd:82:6e:5c:52,93:9e:54:dc:f4:b2,0c:7e:9c:79:09:19,51:83:69:46:e9:5f,7c:37:d5:0b:38:e8,b9:33:ce:23:68:f9,37:41:18:8f:c1:31
be:cd:81:b2:ba:ed,4f:80:97:8e:50:7e,ec:34:fc:8b:83:45,50:20:cf:9d:be:98,e5:0f:cb:29:4d:5a,68:ff:ac:78:a3:11,41:d2:6f:4d:97:9b,a5:a0:53:8f:fb:33,f8:ee:9a:2a:51:9d,19:aa:b6:3e:4a:57,3f:7c:e0:83:d2:cf,9d:74:c9:78:da:df,1d:12:32:51:52:e6,c7:42:f8:2c:59:11,87:d4:9d:ad:c5:de,cc:2f:11:03:33:97,e2:82:14:01:bf:61,f0:04:e3:de:6d:4f,af:46:4c:26:14:20,83:ad:3b:9f:5a:9f,0a:98:30:0e:68:90,48:df:86:10:96:39,bd:35:ad:21:5e:0b,0b:cd:07:6d:4a:a6,bc:ee:a3:8b:6b:02,76:6c:7b:3e:80:d9,b1:93:b1:4d:87:a7,a2:fe:e5:6f:ec:0b,8f:b5:41:b6:aa:87,1d:37:de:47:31:fe,89:5f:89:f6:31:2a,b4:0c:10:a3:4d:f9,c6:7b:1f:c3:62:c9,82:37:2b:33:cd:50,12:d6:43:65:c8:1d,1e:3d:9b:01:14:e2
85:8d:23:92:79:4c,51:4e:82:9d:a9:90,98:2e:83:07:d5:b4,f2:d0:88:89:16:fb,72:ea:8b:7e:9f:f3,6d:30:74:75:f5:9b,88:4c:8a:07:35:c3,2b:b4:78:25:a3:76,4e:4a:64:ea:61:bd,b6:d9:a6:4c:c9:f8,60:62:8a:22:9b:87,5a:0e:0f:83:ea:85,78:f3:f9:07:68:8a,9f:ac:f7:51:70:c0,fb:d3:4b:4c:1f:fa,0f:4c:5c:80:7d:d8,d8:4e:0f:18:ae:1c,a9:0b:30:63:f3:d6,93:d9:74:20:54:6f,c7:c6:9b:d0:5b:58,db:8b:b5:6d:22:9c,f1:c6:79:e4:71:6b,67:54:fb:fa:70:06,ac:f9:50:8f:2e:13,8a:97:b5:3e:09:95,f8:55:2f:55:66:b2,18:2c:3d:31:c6:01,bf:bb:9a:66:b0:d3,ed:36:dd:84:c9:34,95:64:24:0b:e9:dc,db:e8:b8:6e:77:08,61:e8:62:2d:b0:3d,4b:5d:78:95:65:9e,b9:20:98:bf:51:ba,47:4f:0e:f3:36:92,cf:c1:1f:aa:1f:4b
09:7b:28:d9:9e:73,76:64:1e:78:6a:e9,a4:c5:55:8e:60:18,ca:b9:f1:b3:88:50,42:ea:40:47:7a:dd,33:49:bf:50:32:7f,5e:0f:34:ad:2e:ac,ec:67:19:0e:b0:a6,e8:c9:71:3c:67:29,8f:43:a8:a1:9a:c6,6e:72:be:f0:25:d1,77:92:39:27:bf:46,51:32:ea:c0:54:12,36:28:6e:1f:8d:4d,60:0a:c9:86:c9:83,6e:b1:1b:52:9b:90,e7:a3:c1:bc:da:d6,23:1a:1f:94:cb:ad,74:0e:95:aa:a5:5c,3d:4d:2d:1b:12:02,21:db:81:ef:cd:2d,e5:34:ce:45:72:da,6f:a6:2e:31:dd:cc,88:15:b9:35:60:8a,16:ec:90:e8:80:a1,04:03:e0:05:f4:06,e9:ee:9b:71:c5:f0,5a:04:e3:bd:4c:cf,d4:c9:17:e0:a2:2c,3f:3e:e5:11:9a:7e,73:2e:65:7f:94:72,1c:c7:25:b8:b3:2b,bb:79:66:ee:4c:69,56:62:e9:fd:ec:d2,54:44:d7:03:83:5c,03:95:24:94:a1:3c
f3:55:5b:19:15:a7,fa:8c:8a:aa:9d:b5,d9:0e:da:18:dc:63,55:63:15:3c:93:59,60:09:e4:f8:72:fd,bb:2c:4d:6c:35:84,58:70:58:f8:75:1f,59:55:e8:e2:05:4e,1e:55:16:23:ba:92,89:cf:47:f0:ff:58,9e:6c:f7:46:30:4e,a0:0e:cc:62:66:8f,dc:53:5d:a0:1a:a2,83:ac:87:4e:42:03,f2:34:94:e9:aa:ad,0c:a4:d3:7a:03:a8,4e:87:0f:b1:a9:f4,20:e4:b5:41:4c:39,b9:93:56:d3:cb:37,1c:ae:b7:f9:54:1a,cd:22:0c:b0:92:86,c9:10:b9:28:ec:f4,ed:95:6f:ca:20:48,67:c0:5b:0c:5f:d5,fd:56:7f:15:7a:6c,ff:ce:1b:fb:bb:cc,8b:fd:26:57:29:dd,f8:b0:46:c4:fc:f5,ac:8f:0e:23:91:a2,b5:68:d6:6e:aa:83,3e:b0:bb:c0:75:74,7d:2d:5b:a4:ae:58,e9:7f:3e:c0:06:5f,00:28:99:d3:8c:0a,6f:f4:dc:c1:c7:96,6a:21:73:30:d0:1d
25:c6:62:bd:62:6b,f0:7e:9f:82:77:d5,59:1c:93:b3:35:ce,ea:b5:18:0d:9e:17,ae:2a:e0:e0:dc:96,61:86:09:27:67:4c,3d:e5:86:e1:21:df,17:c0:ce:91:a0:0e,a5:5d:7c:1c:6d:27,a3:be:66:fb:77:fc,80:6b:32:8e:d2:4d,cb:2d:70:ca:2b:d9,28:d1:2f:bf:ec:69,06:f7:c8:f3:e1:4a,d7:40:a1:3b:81:d0,72:7e:f2:b8:65:f4,f2:9d:a5:f4:cb:4c,83:66:e6:91:17:a5,fb:c4:c1:3f:9e:f1,8b:f3:62:7e:99:1b,81:a4:1d:01:bf:8b,f9:48:c1:91:d7:d5,2c:a0:a5:e8:2d:ae,53:8f:3b:53:21:36,d0:26:ef:bc:e8:95,fe:df:f1:c4:a0:17,16:8a:16:e7:d3:89,7b:3c:7c:75:43:ee,0b:d9:9e:ee:d8:77,b1:4e:dd:ea:0e:ef,31:cb:64:5a:4b:18,f2:cc:2e:e6:78:73,99:21:8d:5e:20:2a,f9:81:7d:9b:32:e5,13:a8:68:d3:47:e2,47:d3:95:13:ea:0e
63:45:dc:f8:ad:b0,90:02:20:a4:21:83,bc:fd:0e:06:7d:e3,e2:9f:9c:31:e0:d1,87:98:63:40:ab:c2,ed:9c:61:86:55:df,6d:d9:a0:ca:29:31,7b:31:98:e2:28:e2,36:81:85:8f:95:29,42:20:53:4e:ae:06,97:4f:77:b7:80:92,b6:93:f6:07:25:80,38:6c:0d:aa:d8:48,47:3e:bd:3a:39:5e,c5:fc:0f:0a:1c:01,a1:36:44:d4:44:08,43:28:96:be:c7:0b,c0:a2:ed:4c:ae:5f,73:de:36:a4:ab:e8,ad:67:45:c9:ee:ac,d7:51:70:e5:bf:ba,d0:79:0a:9f:2c:66,20:53:fc:49:69:99,99:77:f2:cf:c9:60,c1:da:f2:f7:7a:63,c4:72:6b:8f:da:42,32:11:02:7d:c9:63,36:27:67:70:31:09,b6:71:96:44:bd:3c,9d:55:cc:d2:81:46,16:9d:45:6d:25:8c,81:4f:a9:99:37:ce,2e:7b:59:98:6b:b2,74:18:cb:44:cc:c1,fb:89:5d:fa:d8:8a,bf:72:56:6d:93:9f
c4:be:45:82:4f:7e,3e:40:d1:31:6b:72,2b:b2:3e:f8:23:10,d5:c0:f2:b5:fb:9e,b4:7b:45:8e:46:3b,46:6d:fc:0b:2c:61,c8:8d:db:df:48:6e,b6:0b:dc:94:6e:98,ed:16:00:3a:5c:99,ee:97:c1:14:9d:e2,fe:64:06:97:24:2d,88:79:25:55:0d:f0,45:77:ae:a5:55:eb,1b:fb:71:ef:84:82,53:0e:eb:97:c1:db,68:5a:b7:80:91:69,32:00:3c:27:1e:21,07:63:24:f3:1f:39,ab:8a:6d:38:7c:06,f3:fe:af:eb:3a:b8,23:a2:c5:bd:63:86,f9:af:a3:63:22:fd,48:ec:1e:91:44:4c,bb:16:95:60:be:1a,f2:6f:0c:be:df:98,8f:8b:20:2e:2c:78,72:11:d5:09:e2:1b,b8:25:b1:c1:57:f6,5b:1c:a9:f6:a0:de,5c:73:fc:a7:fe:84,c6:88:13:2b:a4:90,f9:ed:a3:7d:dc:fe,cc:db:7e:c5:9b:fa,96:62:ea:41:0d:34,ac:1a:98:69:53:d5,3f:9e:06:e4:5f:5e
23:c0:5f:c6:54:a6,33:de:75:76:a4:87,22:4c:cf:43:a5:62,e3:aa:b0:45:52:5e,55:50:6e:d5:ed:ce,cd:81:41:be:e0:e6,3e:79:a6:62:28:94,a5:1d:da:92:f2:54,77:04:d8:fb:df:00,b7:f5:8a:f7:94:64,80:ed:cc:2b:7e:68,36:a0:da:8c:5f:0e,20:ab:aa:44:c7:c0,99:22:6a:a4:10:90,52:2f:10:30:f3:3a,15:34:84:60:0e:25,f6:1e:81:cb:f5:05,44:c7:0b:dc:ce:27,a8:19:c7:35:15:0e,39:34:c4:2d:e0:be,3f:13:1d:93:c1:c4,16:90:e4:6d:72:89,ce:08:eb:b7:49:82,5b:1f:68:41:cc:fb,36:ab:03:94:4e:84,98:75:81:83:a1:0a,29:51:c4:eb:69:86,8a:c5:a5:87:08:48,89:a0:57:8a:a3:cc,73:ec:f1:7f:ca:af,51:b3:c7:86:49:8f,28:8d:18:ff:7d:a3,73:7c:6c:07:05:79,f9:ae:3d:59:1d:4f,b2:d4:e8:cc:3a:c6,36:0c:40:54:eb:6c
37:02:64:60:34:04,b2:e8:94:6a:8f:05,dd:c5:9b:be:5c:1e,91:0c:5b:78:5c:df,dc:cd:0b:80:6f:19,88:ce:56:7c:c6:2d,3a:5e:a7:64:5b:9b,f0:09:6e:77:8d:b1,3e:6b:0a:db:fb:6b,28:ff:07:a3:f4:ca,7d:81:28:4d:3d:70,69:28:09:1a:55:32,ee:b1:0e:6a:f0:f8,04:bc:a5:79:55:e5,a3:92:e0:a8:78:ef,3e:6b:cd:27:73:cd,b8:c2:43:da:9e:13,e9:2d:04:8f:63:bf,3e:6d:c6:d4:13:99,51:5c:f2:86:12:b8,9d:ef:36:b4:19:27,04:6c:c2:5f:d7:74,4b:d6:45:15:55:43,9b:44:a6:c8:53:c6,b5:10:1b:83:fb:56,28:b3:31:ff:6e:6e,ac:10:eb:77:0c:98,b2:b0:3c:e1:a2:9d,e9:6f:c6:59:30:ae,4f:27:16:40:c1:eb,76:e2:ac:95:dd:e1,93:02:cb:51:54:f5,89:6a:9a:90:d8:3d,78:c7:71:a4:f2:01,70:32:8b:28:93:22,75:60:f4:e7:01:a9
d5:5e:09:21:96:84,19:f8:69:8d:14:6d,f0:2b:c0:b9:f7:2b,29:ae:7d:ae:2c:a9,be:21:39:e3:25:53,4d:0e:da:bf:18:3b,3b:1a:e5:f6:00:ad,c0:9b:e3:db:d7:9c,7e:6d:47:a6:0c:2a,d6:3d:f7:3b:2f:57,12:53:41:37:cc:fb,8d:6a:20:28:9b:9f,90:c7:aa:cb:08:cd,c2:cb:98:41:52:15,fb:7e:97:e8:02:76,22:f8:4c:58:0d:90,33:aa:00:a2:95:64,72:9f:cb:1d:e8:ac,10:ed:9b:bb:c9:ae,05:4c:56:21:0f:e6,7c:d5:98:c3:0b:03,33:fc:0d:f1:39:f6,f5:66:5d:4a:73:c6,08:4e:47:2c:95:5c,d1:ac:c6:74:80:ad,de:99:f4:23:af:09,2b:29:fb:3c:dd:5a,5d:36:1b:59:7a:b0,3f:b4:c5:7e:3d:cb,48:24:05:83:33:47,39:f5:1a:d2:7b:3f,63:f1:31:e0:c3:18,66:e6:af:5c:33:33,a2:da:16:89:ee:1f,e1:8b:9a:b6:0e:b2,b8:91:28:e0:f2:c3
ee:8e:37:3d:24:b4,d9:e9:d5:2d:ce:4d,04:d0:20:3a:73:30,84:4e:91:ef:e9:39,5e:97:42:e2:77:97,04:10:79:27:21:75,73:13:22:06:65:c3,36:19:d6:4b:42:a3,f4:c1:28:dc:02:4b,3c:b4:9b:84:83:46,fc:2e:79:aa:5c:dc,e9:c0:7b:9c:6d:74,3b:ae:c9:a5:ec:31,08:51:44:38:6d:e8,b1:2f:cd:49:23:e5,eb:fb:1f:76:3d:c0,53:37:93:30:c5:b3,7e:cb:b1:b1:48:65,19:df:79:c0:50:7e,ed:a6:a4:6a:58:13,2c:0c:99:9c:4c:bb,fe:a5:fd:b3:7b:e7,f6:bf:5a:af:c1:1f,2d:1d:ac:64:69:f3,da:7b:0b:c1:e7:ac,40:ac:e9:6b:24:03,c7:d1:49:46:9e:5a,fb:05:71:69:bd:24,52:25:44:c4:ae:d5,f3:7a:b1:88:a9:fb,9f:bc:65:51:88:df,06:21:1d:4e:a6:d7,be:a3:b6:88:c3:d4,3f:ba:6a:a2:4e:58,99:da:1f:4e:13:dc,e4:36:57:1f:48:ba
ce:f1:a7:15:8d:46,08:7b:aa:70:c8:cc,79:c6:13:23:71:ae,01:78:15:bb:49:82,18:e6:ba:ff:1b:d9,bd:d0:3e:a4:54:6e,8a:87:f9:18:f6:f4,92:64:8a:8e:26:db,e4:d8:96:b7:28:f6,4c:95:22:f4:3f:bf,cd:6d:be:f5:89:ef,48:99:5f:ec:74:86,06:be:b6:56:c7:28,a7:8f:a3:d8:1c:cd,65:e0:60:6c:08:59,f5:2b:a3:fb:d9:a5,31:b0:6d:71:f0:de,b5:be:b7:12:16:2a,55:14:69:18:2a:dc,2b:eb:9b:f1:26:7f,cd:a9:66:b3:b1:88,e4:e9:24:d6:1a:42,ea:e6:f4:63:ab:8c,f6:71:23:2c:cc:d8,d2:06:f5:b7:17:2d,ea:67:21:61:5b:f7,52:2d:c8:c2:50:ac,32:eb:82:60:be:16,02:fe:c3:35:35:e1,c1:f0:9f:a6:af:0f,f1:18:0c:d9:80:86,ba:b5:4b:83:2d:3f,79:45:a0:22:f7:36,11:01:56:19:3c:97,3f:b4:b7:5e:e4:01,d9:05:67:b1:3f:0a
eb:02:16:99:a5:33,88:c8:89:a7:b2:b0,09:46:96:d1:f7:ea,9d:26:70:dd:85:38,50:2b:0e:e7:ec:0d,f7:76:80:66:44:a9,9a:2e:90:84:9c:92,73:cd:9d:c7:ff:17,0f:bd:f0:fc:c7:68,d7:67:67:54:8d:59,37:c6:1c:1a:42:99,ff:f7:8e:83:be:cb,bb:c2:2c:bb:7c:f2,36:92:e1:9a:74:ea,58:b7:da:06:ba:b2,69:6d:5f:c4:f0:c1,58:44:66:c0:4d:e1,5f:d1:bf:25:72:8a,a0:aa:02:40:2a:38,fc:68:7f:48:eb:b0,0d:c4:97:e5:2f:58,6c:f7:31:70:83:fd,d2:95:8a:95:78:42,88:0d:25:b0:48:ad,a8:15:f6:64:7f:9c,dc:ca:d3:76:46:fd,fd:f4:79:dd:7d:3e,1c:e8:af:f2:33:09,dc:4d:df:3c:f6:50,3b:5e:ea:01:4f:64,51:f5:8d:c0:08:ce,9f:d2:de:d5:65:6c,1f:2a:2a:45:39:11,03:41:73:53:32:30,e5:74:37:03:15:57,59:79:46:aa:54:bd
47:49:c8:0d:be:4e,a1:95:1d:5d:0b:a8,56:5f:f8:11:34:a9,d7:86:e3:a6:23:a0,da:2c:58:d7:51:b8,fc:ad:3b:7c:9d:e5,74:3c:33:9d:a2:a9,25:00:34:dd:a1:47,f3:97:db:be:12:fb,b4:3e:08:b2:4c:4b,38:5c:7c:12:61:44,f1:10:25:37:92:67,09:ba:f2:f0:8b:58,e7:ec:89:14:aa:73,64:c7:48:9b:00:07,c2:c5:df:0e:b5:db,8d:0b:75:c3:b7:b3,69:04:39:49:1d:47,84:63:58:43:40:0d,22:da:82:40:1e:60,92:32:29:0f:24:d2,98:ec:98:92:df:8f,81:d7:3a:e3:dd:cc,5d:49:3a:2a:e6:5f,ca:3c:86:7b:cb:73,44:3d:34:22:29:b5,11:d2:1d:81:ae:71,43:0f:8d:4e:50:4b,81:85:eb:97:d2:ef,a5:65:1d:4a:ef:d4,de:4a:79:e2:8d:2c,ba:5c:74:20:f2:41,ae:60:2e:94:31:29,6d:a4:1f:bd:5a:47,b0:4e:9a:aa:c0:24,69:b6:1f:2c:81:a3
37:86:de:7e:9b:f1,1d:0b:13:eb:8a:39,4d:d5:5c:cb:65:bd,2a:2c:9a:65:48:4d,96:b5:d6:73:e6:a5,c3:26:31:39:92:86,dc:22:c7:c6:63:b2,68:29:f7:76:10:3e,0b:31:03:15:20:db,25:a4:81:0f:0e:22,3e:50:e1:fb:ec:13,7e:f5:54:57:5d:88,4a:9f:55:1e:2e:c2,8a:2c:9e:f2:18:10,f1:76:dc:6d:64:0e,f3:12:a6:74:5c:4d,2b:73:58:94:5f:08,2d:2e:c1:07:45:18,6f:d8:35:35:a0:76,72:ad:8a:c4:a7:5d,0f:0d:84:13:5a:0f,3b:4b:44:d1:76:6f,dd:8e:5c:a1:a5:eb,dc:0a:65:8c:c9:43,64:bb:f8:31:b5:97,71:3c:5c:1e:20:66,45:df:c1:ca:64:b4,7d:58:d5:01:59:e4,2f:fa:c9:32:eb:c0,b2:a8:5e:02:8d:51,a8:47:09:e2:11:39,0a:a6:b0:32:01:aa,09:fa:c8:93:e0:f6,17:92:42:6e:0b:3f,8f:99:2c:72:c7:36,b9:15:c2:dd:75:b9
08:44:a3:fe:5f:fb,c8:06:18:30:29:19,41:d0:1b:e7:48:29,7f:e7:07:7a:0f:7f,c4:48:1b:36:6e:dc,5f:fd:dc:68:45:a0,26:45:a9:e3:19:75,4c:8f:7e:16:52:ef,6b:57:ba:55:e0:51,a2:30:a3:a8:45:04,f3:3a:fb:25:51:72,86:5e:4f:b7:3b:50,73:d7:2a:ab:e0:d3,b6:e8:b5:d7:6d:ff,a8:43:39:44:d3:e2,03:92:0d:87:43:e8,ee:08:4d:9f:c4:23,00:b8:8c:47:ec:4f,d4:5d:36:25:0e:e4,78:4f:ea:bf:d6:71,86:03:52:18:e6:42,52:df:6f:ca:a7:84,fc:80:d3:90:a8:98,23:c7:6b:94:69:4f,2d:51:4c:54:8d:bf,80:41:d7:6b:de:4f,0d:5a:0b:4f:aa:3c,d0:c4:0e:de:2e:98,1d:71:37:e8:6d:51,57:b1:55:3a:3b:a8,95:c6:39:70:9c:93,d0:7c:24:f7:79:10,db:1b:e6:55:8d:15,a1:fd:71:4d:53:e4,e4:73:2a:ea:68:a1,41:86:3c:ca:ce:3d
bf:43:46:74:05:54,10:60:19:0e:65:31,6c:64:b8:c6:59:7b,b8:7e:c9:57:cc:60,db:eb:ef:42:3e:9c,2e:b6:5e:1a:62:65,ab:ce:52:8b:84:d3,4c:b2:fb:90:1b:c1,fe:50:33:fe:d4:51,0f:5c:9a:1c:26:65,09:3e:58:57:eb:8f,8b:6a:af:fb:a4:f6,22:24:57:fa:db:68,1b:b7:da:84:89:ff,79:f8:e3:c9:a4:f0,66:c6:96:e8:f3:75,9c:0c:8f:74:de:fa,ce:7e:80:82:44:16,ff:41:5b:c2:13:51,ca:a2:63:74:9f:2d,f6:63:96:92:23:d2,7b:17:80:f3:4c:76,88:df:44:bb:6d:7f,53:2b:a8:2e:e8:d5,53:b2:48:96:62:52,6e:76:1d:8b:4a:1b,81:98:6d:c0:a0:f9,1d:dd:14:86:ea:84,e7:09:f7:9b:b1:e1,15:79:35:4c:3e:23,1f:74:3d:36:4a:e9,5f:31:04:7c:8f:10,4a:d2:29:9a:f6:fb,16:c3:f2:ee:e0:9a,6b:71:bc:35:cd:09,36:a8:21:41:94:94
c1:3d:76:95:88:6a,7c:29:0a:fb:19:4f,1d:cc:2a:be:e6:f8,2d:39:15:27:42:11,68:5f:98:c9:46:73,f5:10:75:93:a1:01,23:3b:e8:cd:b6:5f,20:87:23:e2:db:4d,29:b5:8a:c8:1e:05,d2:3a:e4:b0:91:be,9c:40:0c:5d:4d:c5,a9:ed:20:05:8b:98,86:52:a5:b8:1c:77,b3:59:ea:4e:3c:80,bc:7e:bc:d9:bd:56,35:e3:a7:d9:68:59,20:a6:83:5b:0f:a3,d3:61:9a:37:2c:68,49:d4:2b:34:5a:b0,ec:0a:33:60:ac:21,59:ef:15:8e:21:cf,a8:6c:27:2b:93:ba,fb:dc:e0:6f:21:89,78:07:26:66:77:19,4d:21:48:af:dd:a6,e2:91:4e:d3:ac:eb,ff:60:41:71:c0:18,18:86:66:44:fd:22,a6:28:e8:5b:20:69,a7:3e:73:4f:ce:66,37:ba:ac:46:45:77,22:de:45:6d:71:48,f3:9a:df:bb:9c:cb,c5:97:38:7e:18:0d,be:29:fb:20:32:1e,d9:dc:ad:23:99:ae
36:44:c4:94:de:40,36:01:7e:94:bb:f9,62:23:ae:c6:ac:5e,66:45:18:57:cb:5a,e6:8f:20:7c:ff:a8,0d:85:18:66:be:4d,cb:f8:96:32:d4:56,59:a6:c0:8c:d4:3e,24:16:1c:93:96:3e,0a:a8:2f:4e:03:c1,55:5d:ad:72:b9:66,a1:18:70:70:22:a8,12:6b:1d:2d:6b:3a,da:2a:7b:fc:d1:e1,10:f1:56:14:3e:51,98:7a:39:64:45:25,31:18:82:7e:f3:75,77:d7:b8:36:85:f9,65:e6:b2:7f:bb:9f,64:5c:73:30:5d:b5,aa:22:20:1b:3c:99,fc:c4:b1:48:5e:0c,00:71:4e:68:3a:c6,5a:bf:15:79:99:c2,86:44:9e:3d:86:69,7b:10:82:5d:3d:55,1b:91:33:73:a7:56,02:83:aa:11:8b:00,2f:5d:b4:99:06:8a,d7:b0:73:7f:a9:1b,aa:4b:0b:16:f7:70,aa:e6:94:65:c1:cf,06:7a:7f:00:e4:44,e0:86:5d:54:ad:43,c6:ea:94:ed:b3:0e,63:20:4e:ed:13:2f
bc:e2:16:2d:4b:7f,ae:d9:45:5f:2c:ec,3c:2c:7a:df:f0:2f,2b:bf:c1:b0:a1:91,11:78:0a:2a:99:a6,0a:87:b9:94:45:19,b6:d7:e7:84:8d:5e,f3:1d:5c:65:de:2f,af:c7:ff:76:ce:33,e3:33:b2:aa:c1:0b,14:ce:ea:45:62:ba,51:44:20:bd:3a:69,9f:06:0d:9c:42:49,88:d3:f9:75:f1:16,61:ec:db:7a:ec:96,17:36:96:25:a4:cf,9a:ed:8c:4f:2a:7c,de:a8:1e:dd:a9:e4,70:ac:7a:ee:a8:44,b6:eb:e5:5c:27:13,24:7c:17:9b:55:a3,04:fd:ad:29:26:c3,a0:55:25:cf:af:06,83:52:74:36:b2:7e,db:b9:40:27:31:c5,de:8f:c9:3a:7b:f2,fd:ba:81:2f:14:61,fe:e4:4f:2f:ff:13,dd:1c:39:ea:a3:56,44:4e:72:1f:62:59,52:be:b2:0b:01:2b,fb:b6:50:88:82:34,60:b4:c0:3e:8a:86,37:f8:21:6a:f5:e2,44:3c:d8:3a:17:fc,73:f4:1f:fb:60:50
3f:3b:71:e2:2f:10,c9:67:8c:8a:a6:1f,9b:e2:1b:3f:b8:cb,e8:60:18:41:a0:72,51:4d:43:41:8b:a0,88:1a:53:be:74:c6,bb:3c:b0:ee:0f:cf,b9:df:5b:24:1b:a7,52:20:06:d5:d1:4c,35:01:6b:9c:34:5c,b4:ca:ec:9c:d7:08,26:89:84:97:bc:a8,00:97:ae:71:a0:65,2d:76:3c:24:bf:d3,77:2f:1a:d7:5c:b6,5c:d0:15:87:ae:6c,11:be:c8:5e:94:6c,80:ae:71:ea:ab:94,64:2e:55:52:ae:f7,f5:df:fc:eb:96:43,aa:db:13:b0:a6:9d,a3:6b:c5:39:a1:49,80:c8:61:a9:3a:2c,98:03:ca:a6:ff:95,de:02:2b:95:ac:cb,bf:be:bc:a7:20:3c,87:7d:40:c5:ab:cb,c0:f0:8e:a2:09:84,11:48:3f:cd:87:43,1f:a0:f5:7d:d2:30,c7:67:45:f8:19:82,99:34:22:ab:0d:66,b7:a8:5b:9b:cd:c3,8c:52:7e:b7:52:48,5b:d4:ec:49:d6:3a,8b:63:5e:27:0b:47
29:ca:b7:ef:f4:7d,4b:b2:e9:3b:0a:c8,7d:e6:a7:8f:6c:be,44:d4:81:3e:72:b7,3b:71:c8:5e:8b:46,b6:20:37:58:90:84,74:13:11:39:7f:5a,f4:05:2b:56:13:4b,67:54:d7:76:04:95,01:0e:51:9d:6d:0a,e9:7b:9f:a7:74:7f,49:4d:ef:65:5b:74,3c:4b:1c:51:d0:b0,a9:cc:98:a9:92:84,9e:59:d6:31:89:c0,db:c9:0f:40:df:66,bb:3b:83:3d:a4:8a,c5:e3:47:0b:c8:16,a5:47:f1:24:e9:e8,7a:2c:c1:fb:0f:a4,a5:9f:c6:d5:48:79,6a:d5:1b:99:8d:1e,06:70:5a:57:4d:41,c3:21:6a:90:c8:d4,26:a0:c0:cf:c2:c6,3d:d0:d0:1b:05:0c,b9:68:fa:34:8d:6f,8a:a3:c6:5c:47:8f,fb:18:a5:3c:32:be,9f:eb:4c:6e:a9:14,cb:ca:7e:3c:3a:da,a8:3c:92:83:a6:09,83:7b:b8:2f:7c:ad,16:a3:b3:78:4b:f9,3b:74:a7:86:59:ef,b1:4b:47:32:15:51
3d:49:b2:76:6c:35,3e:4f:3d:3f:ed:a6,e2:69:36:2c:1e:be,68:27:2d:a7:bf:de,a3:be:0b:d5:10:21,e0:71:87:64:12:80,21:ae:8a:8d:a2:cc,9d:1c:62:9a:f2:74,7a:44:68:c6:22:d8,61:54:45:70:2c:4d,8a:b5:d4:c5:d9:7f,d8:46:fd:ee:c8:e7,eb:f6:5e:49:6d:9e,9a:39:1a:0d:2d:d8,31:71:63:de:5b:ed,ff:89:78:de:4c:ee,ff:20:34:f7:42:6d,2e:0d:e8:fa:72:78,d0:00:8a:f2:62:fc,d1:2c:ad:00:32:c8,2f:6d:54:78:33:9d,5a:9d:73:37:10:c7,f7:00:07:98:a4:92,a3:87:9b:99:90:29,01:db:3f:4b:05:75,6b:56:2a:5c:74:19,8c:b9:56:87:16:7e,bc:fc:97:32:a8:02,65:ea:1f:9c:fa:cb,b0:6e:91:9a:d9:81,76:a6:c4:cd:4f:cd,f5:74:b6:6e:74:a1,fc:ac:0a:4b:6f:f8,62:30:09:b0:2a:04,5e:5c:2b:df:d6:e1,17:dd:2a:8d:b8:51
68:1c:3d:5e:74:71,fa:0d:94:a5:ea:7c,19:a8:62:4f:30:61,6b:2e:39:e6:a4:56,71:8b:f7:ce:7e:d9,98:6d:6f:92:d2:96,0a:73:a8:64:87:08,73:46:7e:6c:a7:cc,6e:89:01:1a:d8:e1,f0:2d:a4:75:16:39,82:8f:26:8a:c8:ee,97:f1:6a:7a:f9:88,03:58:ac:d1:9c:68,b1:02:a3:2c:70:8a,bc:97:25:3d:3b:8c,a5:3e:45:35:75:08,85:96:da:9c:7e:03,4f:7d:ce:4d:d9:a7,da:3e:cf:11:54:f6,e2:ad:63:83:6c:30,96:ed:03:a4:75:3a,36:1f:bf:f3:85:e0,94:4c:ad:40:b7:04,d3:9c:74:3e:fe:eb,b4:ec:73:71:a9:a7,f7:c6:7b:fe:8e:5a,61:86:e7:c7:25:d8,dc:87:f5:40:81:cc,a4:10:bb:35:a6:a4,40:03:51:89:cc:61,1c:9f:0f:37:1d:a2,ee:bb:4c:60:e6:a6,ad:c0:a9:53:bf:23,65:85:6a:02:51:b7,34:81:2b:c3:2f:b8,05:05:d3:44:9d:28
f8:51:c2:e3:d1:51,94:f6:ed:74:14:74,96:50:93:ca:8a:a2,21:5a:21:5c:3e:14,8b:40:7b:cd:ff:cc,c7:cc:c1:c9:8b:00,6f:fe:1d:d2:df:32,32:91:21:bf:d2:f8,7b:2a:7f:70:07:d7,00:d5:19:8a:1e:98,94:82:cf:6e:52:18,6f:69:4c:e4:08:82,9d:cf:d5:46:28:9f,5a:9f:ab:3d:e8:0d,d5:4b:2b:c9:5b:2e,8c:14:ae:50:4e:29,73:c7:97:e7:1c:39,6b:ef:f8:67:fd:2c,fc:1d:19:67:b4:15,c4:d3:e6:92:c5:b6,24:50:8f:27:10:c3,55:13:28:0f:4e:db,70:c4:66:3e:03:6d,29:d9:7b:17:9e:74,cc:c9:db:6f:f2:da,c1:b4:37:95:1c:c9,fb:b9:13:c4:7d:ca,92:fe:2c:c1:f5:54,62:89:b9:e3:48:90,21:a0:a2:44:eb:b1,f9:20:5c:19:e4:dc,fd:33:91:f6:43:4f,5c:1c:5f:2a:de:5a,88:f7:58:77:b5:d3,35:03:f3:46:66:ce,36:3a:4f:80:56:ae
93:b2:c8:dd:9d:c0,31:77:4f:99:cf:ef,de:9f:07:84:a2:7a,66:86:a5:ce:13:df,a0:a5:f5:5e:d1:da,58:86:0c:f2:f3:f3,71:60:e2:8c:1b:81,a6:b2:a2:e9:16:f0,6c:67:62:8d:d3:13,6f:d2:82:ac:3f:a5,8a:56:a3:34:93:db,d6:ea:b5:14:c5:06,cd:9a:b2:b7:16:02,cd:65:19:a5:1e:35,66:29:4e:05:1c:ae,ba:c6:b1:37:86:44,7c:f0:17:b8:32:81,12:ee:9d:02:aa:cb,55:82:b4:8a:97:0f,5c:21:22:c5:8f:97,82:66:80:31:7b:da,50:7f:86:12:c9:bd,ae:1f:d3:3b:6d:12,fc:2a:ed:ec:87:ba,2a:02:a9:09:9a:75,d9:a2:69:50:a3:71,a7:62:a7:66:fd:83,73:b3:c8:a7:63:04,6d:dd:ac:3d:ec:fe,bf:9e:30:60:76:f0,bd:4c:c9:d1:1e:6e,23:21:92:02:b6:93,80:b9:be:6b:7c:1c,6f:b4:71:b1:e0:b3,d8:8f:f4:24:9a:86,a9:62:70:18:da:f1
4e:26:71:f4:2d:7f,f9:2f:eb:aa:2a:15,fc:c2:af:1d:aa:b7,66:2a:e8:30:4e:79,f2:4f:5d:7b:95:05,40:8a:3e:07:58:28,4e:45:f1:67:9d:ec,44:6a:d4:1d:29:0b,1c:ca:86:ca:bc:03,f5:56:b6:a1:9b:cf,e2:9d:b3:83:60:5a,ca:0d:ce:51:50:0d,ca:62:d3:5b:d3:8c,54:f8:56:ed:39:4b,80:24:23:6b:e6:c5,70:a8:cb:15:f6:4f,e2:15:27:fb:12:02,64:19:6e:18:15:26,2c:0d:2d:c7:e5:21,b6:ae:f3:10:e9:41,d4:8c:01:d8:6b:19,a5:66:c9:5e:5b:46,ca:6d:e3:74:03:69,08:21:7f:4d:e3:79,3f:9f:91:d5:bb:84,d1:42:18:f0:b0:49,84:32:10:9b:f0:df,a1:12:ed:40:56:a6,dd:c1:df:22:18:b3,5d:63:fc:73:94:e2,fd:ca:39:e4:ce:0c,ef:ef:dd:86:58:48,4a:fd:b6:15:59:66,6a:d8:7d:b5:b2:e0,25:ac:17:19:0c:86,a7:0f:d2:89:4b:f3
a5:6a:48:43:36:c1,d1:91:1c:6e:16:ef,73:f4:fa:97:2e:aa,44:73:f8:1d:f9:77,f3:34:ef:ae:50:2c,30:f0:fc:de:af:42,4d:c8:75:7b:1a:5b,54:7d:6f:7d:67:08,eb:6b:54:a9:d3:30,41:dc:79:c0:f1:40,ff:ab:2e:21:e5:93,50:60:59:ac:58:f4,b2:23:43:30:c2:9e,21:9f:ff:31:89:9a,ed:b6:f3:42:98:8f,0b:f9:4c:5d:a4:65,14:58:46:b1:d3:f1,41:2c:b8:bb:d5:d0,8f:e1:eb:24:97:26,1d:4d:16:5e:26:56,6e:ea:b4:e2:a2:58,15:ef:0c:4c:3c:41,65:77:f3:ce:14:9e,e8:72:94:ca:6c:48,e9:5f:fc:d5:fb:fd,fa:d0:ff:5d:b6:05,8d:dc:32:84:b2:5f,db:fc:f5:0f:2b:17,81:ee:eb:9d:89:c6,02:02:3d:21:df:c6,f8:63:e1:90:ae:f1,8f:35:7e:40:0c:24,19:98:2f:c5:2f:34,0b:dc:57:79:71:58,04:86:bb:60:02:0c,43:67:1a:54:0e:ae
15:cd:88:0a:48:d9,fe:9c:be:e0:c4:45,20:2c:88:5e:29:a5,d8:cb:dc:e3:db:c6,4f:60:f4:ff:ee:70,b0:77:7f:c7:8d:01,25:87:48:d8:90:89,71:12:d1:12:9c:c1,1e:c3:a6:b5:ed:39,fa:06:f0:81:9a:84,a7:fb:9c:b4:84:58,f4:35:7f:ba:b8:d4,27:07:79:ad:8d:4c,29:2f:54:5b:e3:81,5d:e0:06:75:c4:9e,81:d3:ad:70:b8:b9,c6:f9:fa:14:7c:ba,5c:4d:63:8a:86:53,33:8d:1a:5c:a7:b2,6e:1e:4f:96:6f:23,64:c1:99:d5:48:4d,54:21:77:5e:30:22,14:b2:61:f4:8a:d5,ac:fe:43:84:0e:b2,1b:6a:69:7d:c7:e4,bb:3e:17:a7:5f:b9,ce:a1:c5:68:1f:ab,1b:2c:94:c5:c8:db,f7:ba:b7:4f:28:ae,50:72:2b:55:5a:60,f1:ec:56:2d:c8:4e,a1:c8:70:12:85:b8,1f:90:7d:ac:65:b9,54:88:df:62:2a:c6,80:70:f7:20:3c:eb,8b:e8:0a:69:2a:84
06:5f:e3:43:51:87,cb:b4:47:52:7b:03,b0:23:96:bb:cf:0f,49:b7:8f:1a:96:bc,c4:c1:a7:dd:b0:6a,72:52:7f:8e:4d:e8,0b:cb:67:0f:33:8a,af:df:84:6a:23:8a,f0:19:95:d3:aa:c8,d1:dd:8c:c2:5e:08,b2:22:44:fd:9b:43,35:23:94:cb:58:1d,3a:70:4f:c7:53:cf,03:d8:95:bd:7d:c5,d1:0f:9c:79:5b:68,4c:fe:e6:15:81:02,14:da:bb:50:7e:04,15:06:59:72:1c:a9,3c:94:2c:79:d2:ad,de:61:90:87:9e:c3,90:2a:ba:e7:24:d4,eb:72:71:26:1c:41,6f:a6:1c:40:e3:0a,2f:bd:5c:6f:7d:80,c8:9b:ab:2a:64:58,b4:e0:d2:72:39:27,a2:58:8e:cf:e7:62,3b:1c:a9:62:13:c8,90:02:31:2d:af:d8,50:eb:e3:ed:81:7b,3f:0d:87:5f:e4:16,70:2a:70:42:3f:5a,90:de:22:d9:d3:6d,38:ca:4c:ad:88:0d,53:b2:aa:70:91:93,07:c1:d3:76:57:cc
44:0c:21:64:97:49,61:7f:60:fb:2c:d3,b1:4a:dd:c7:73:62,8b:a6:b1:9a:ce:7f,42:f4:fb:e2:df:2f,1e:c2:dd:18:ce:32,b5:88:0f:53:09:db,39:df:dd:de:3f:51,79:4c:d8:48:4a:82,df:59:b2:22:da:36,ff:9e:31:68:20:6b,16:2d:d5:f7:00:4b,71:99:2b:da:c1:2a,9b:c3:a4:40:63:ee,22:fc:33:13:ad:42,88:73:0a:cc:b3:5f,ab:f1:85:dc:08:43,8c:ef:05:8c:18:bc,fc:f9:2e:eb:01:ea,68:4e:6c:d8:dc:ff,fa:7f:90:27:fc:d3,cd:ac:ab:ea:56:de,1b:08:52:7f:d2:29,93:0c:8a:2f:41:a3,ec:af:8e:23:2d:c0,75:d0:49:2c:f6:1a,e3:fd:1d:08:32:3b,0c:43:7e:b0:1a:e8,8a:9f:cc:28:9b:a1,41:e3:0e:91:f9:28,b0:79:7f:20:6e:61,30:f9:b1:1e:f0:48,51:61:c2:7f:88:af,55:ed:7c:30:2c:f2,c6:a9:dd:83:8f:87,af:ba:24:87:2e:2b
